TradeDate,FundName,Description,Ticker,ISIN,CUSIP,BBYellowKey,Quantity,MarketPrice,TotalPL,Type,MarketValue,NetAssetValue,CalcSID,SID,SecID,UnderlierTicker,NAME,UnderlierName,SECURITY_TYP,SECURITY_TYP2,Country,CRNCY,FXRate,Sector,Industry,MarketCap,AvgVolume,PX_POS_MULT_FACTOR,UndlPrice,Strike,MtyYears,Expiry,FinRt,PutCall,VaRTicker,Proxy,Price,IVOL_TM,Delta,Gamma$,Gamma%,Vega,Theta,USD Mkt Cap,MarketCap,DaysLiquid,VaRExposure,BetaExposure,NotionalExposure,Equity,Size(L-S),Valuation(G-V),BondAgg,BondHY,Momentum,Oil,Gold,Commodity,IntlEquity,EMEquity,DollarIndex,Volatility,10YRRates,ConsDisc,ConsStap,Energy,Financials,HealthCare,Industrials,Tech,Materials,RealEstate,Telecom,Utilities,Crowdedness,Short Interest,Cyclicality,Leverage,Profitability,EarningsVariability,DividendYield,Software,Hardware,Semiconductors,Internet,NotionalMV,Volatility,Correlation,Client
3/7/2024,Dipsea Capital Fund LP,NVDA 03/08/2024 CALL 1000,NVDA  240308C01000000,US67066G1040,67066G104,,46,0.715,1881.72,OPTION CALLS,3289,,NVDA  240308C01000000 Equity,NVDA  240308C01000000 Equity,281322,BBG000BBJQV0,March 24 Calls on NVDA US,NVIDIA CORP,Equity Option,Option,UNITED STATES,USD,1,Information Technology,Semiconductors & Semiconductor,2.31673E+12,50986249.81,100,926.69,1000,0.001369,2024-03-08,0.0025,Call,BBG000BBJQV0 FIGI,S5INFT Index,0.715,1.18789967,0.043615174,0.002269296,0.02102934,0.031691538,-3.767281934,2.31673E+12,Mega,0.000451102,185921.6311,404095.5472,4262774,2.173472473,0.904010619,1.851290328,-0.499720296,-1.252298723,2.95908381,-0.054732118,-0.513652681,-0.098295376,-0.187191177,-0.051949168,0.603704772,-2.267324431,-0.563884768,-0.179927012,-1.409351807,-0.588994794,-1.709383376,-1.099079385,-1.993670691,2.404352192,-1.4154562,-0.908978101,0.359039678,-0.832580564,-0.856012196,-0.37457142,1.655353603,-5.035105955,3.491569496,-0.681450267,-2.179893603,0.682692733,-0.001606599,1.421332902,-7.403809971,3289,0.025661769,0.63111831,FirmLevel
3/7/2024,Dipsea Capital Fund LP,NVDA 03/08/2024 CALL 1010,NVDA  240308C01010000,US67066G1040,67066G104,,15,0.515,12.27,OPTION CALLS,772.5,,NVDA  240308C01010000 Equity,NVDA  240308C01010000 Equity,282687,BBG000BBJQV0,March 24 Calls on NVDA US,NVIDIA CORP,Equity Option,Option,UNITED STATES,USD,1,Information Technology,Semiconductors & Semiconductor,2.31673E+12,50986249.81,100,926.69,1010,0.001369,2024-03-08,0.0025,Call,BBG000BBJQV0 FIGI,S5INFT Index,0.515,1.237284692,0.031620455,0.001675269,0.015524553,0.02436838,-3.017160223,2.31673E+12,Mega,0.000147098,43953.5394,95531.80796,1390035,2.173472473,0.904010619,1.851290328,-0.499720296,-1.252298723,2.95908381,-0.054732118,-0.513652681,-0.098295376,-0.187191177,-0.051949168,0.603704772,-2.267324431,-0.563884768,-0.179927012,-1.409351807,-0.588994794,-1.709383376,-1.099079385,-1.993670691,2.404352192,-1.4154562,-0.908978101,0.359039678,-0.832580564,-0.856012196,-0.37457142,1.655353603,-5.035105955,3.491569496,-0.681450267,-2.179893603,0.682692733,-0.001606599,1.421332902,-7.403809971,772.5,0.025661769,0.63111831,FirmLevel
3/7/2024,Dipsea Capital Fund LP,NVDA 03/08/2024 CALL 1030,NVDA  240308C01030000,US67066G1040,67066G104,,15,0.3,42.27,OPTION CALLS,450,,NVDA  240308C01030000 Equity,NVDA  240308C01030000 Equity,282688,BBG000BBJQV0,March 24 Calls on NVDA US,NVIDIA CORP,Equity Option,Option,UNITED STATES,USD,1,Information Technology,Semiconductors & Semiconductor,2.31673E+12,50986249.81,100,926.69,1030,0.001369,2024-03-08,0.0025,Call,BBG000BBJQV0 FIGI,S5INFT Index,0.3,1.348730848,0.018175169,0.000965194,0.00894436,0.015304265,-2.065547911,2.31673E+12,Mega,0.000147098,25264.1206,54910.87067,1390035,2.173472473,0.904010619,1.851290328,-0.499720296,-1.252298723,2.95908381,-0.054732118,-0.513652681,-0.098295376,-0.187191177,-0.051949168,0.603704772,-2.267324431,-0.563884768,-0.179927012,-1.409351807,-0.588994794,-1.709383376,-1.099079385,-1.993670691,2.404352192,-1.4154562,-0.908978101,0.359039678,-0.832580564,-0.856012196,-0.37457142,1.655353603,-5.035105955,3.491569496,-0.681450267,-2.179893603,0.682692733,-0.001606599,1.421332902,-7.403809971,450,0.025661769,0.63111831,FirmLevel
3/7/2024,Dipsea Capital Fund LP,NVDA 03/08/2024 CALL 1060,NVDA  240308C01060000,US67066G1040,67066G104,,15,0.16,67.5,OPTION CALLS,240,,NVDA  240308C01060000 Equity,NVDA  240308C01060000 Equity,282337,BBG000BBJQV0,March 24 Calls on NVDA US,NVIDIA CORP,Equity Option,Option,UNITED STATES,USD,1,Information Technology,Semiconductors & Semiconductor,2.31673E+12,50986249.81,100,926.69,1060,0.001369,2024-03-08,0.0025,Call,BBG000BBJQV0 FIGI,S5INFT Index,0.16,1.524342177,0.009266836,0.000477103,0.004421268,0.008550021,-1.304195132,2.31673E+12,Mega,0.000147098,12881.2269,27996.99209,1390035,2.173472473,0.904010619,1.851290328,-0.499720296,-1.252298723,2.95908381,-0.054732118,-0.513652681,-0.098295376,-0.187191177,-0.051949168,0.603704772,-2.267324431,-0.563884768,-0.179927012,-1.409351807,-0.588994794,-1.709383376,-1.099079385,-1.993670691,2.404352192,-1.4154562,-0.908978101,0.359039678,-0.832580564,-0.856012196,-0.37457142,1.655353603,-5.035105955,3.491569496,-0.681450267,-2.179893603,0.682692733,-0.001606599,1.421332902,-7.403809971,240,0.025661769,0.63111831,FirmLevel
3/7/2024,Dipsea Capital Fund LP,NVDA 03/08/2024 CALL 1080,NVDA  240308C01080000,US67066G1040,67066G104,,-382,0.135,-1483.97,OPTION CALLS,-5157,,NVDA  240308C01080000 Equity,NVDA  240308C01080000 Equity,282690,BBG000BBJQV0,March 24 Calls on NVDA US,NVIDIA CORP,Equity Option,Option,UNITED STATES,USD,1,Information Technology,Semiconductors & Semiconductor,2.31673E+12,50986249.81,100,926.69,1080,0.001369,2024-03-08,0.0025,Call,BBG000BBJQV0 FIGI,S5INFT Index,0.135,1.673348044,0.007308484,0.000352812,0.003269471,0.006940676,-1.162194244,2.31673E+12,Mega,0.003746108,-258717.0885,-562314.4701,-35399558,2.173472473,0.904010619,1.851290328,-0.499720296,-1.252298723,2.95908381,-0.054732118,-0.513652681,-0.098295376,-0.187191177,-0.051949168,0.603704772,-2.267324431,-0.563884768,-0.179927012,-1.409351807,-0.588994794,-1.709383376,-1.099079385,-1.993670691,2.404352192,-1.4154562,-0.908978101,0.359039678,-0.832580564,-0.856012196,-0.37457142,1.655353603,-5.035105955,3.491569496,-0.681450267,-2.179893603,0.682692733,-0.001606599,1.421332902,-7.403809971,-5157,0.025661769,0.63111831,FirmLevel
3/7/2024,Dipsea Capital Fund LP,NVDA 03/08/2024 CALL 1100,NVDA  240308C01100000,US67066G1040,67066G104,,-23,0.11,-72.57,OPTION CALLS,-253,,NVDA  240308C01100000 Equity,NVDA  240308C01100000 Equity,282691,BBG000BBJQV0,March 24 Calls on NVDA US,NVIDIA CORP,Equity Option,Option,UNITED STATES,USD,1,Information Technology,Semiconductors & Semiconductor,2.31673E+12,50986249.81,100,926.69,1100,0.001369,2024-03-08,0.0025,Call,BBG000BBJQV0 FIGI,S5INFT Index,0.11,1.805886054,0.005663926,0.000260907,0.002417803,0.005539228,-1.000987228,2.31673E+12,Mega,0.000225551,-12072.01774,-26238.19825,-2131387,2.173472473,0.904010619,1.851290328,-0.499720296,-1.252298723,2.95908381,-0.054732118,-0.513652681,-0.098295376,-0.187191177,-0.051949168,0.603704772,-2.267324431,-0.563884768,-0.179927012,-1.409351807,-0.588994794,-1.709383376,-1.099079385,-1.993670691,2.404352192,-1.4154562,-0.908978101,0.359039678,-0.832580564,-0.856012196,-0.37457142,1.655353603,-5.035105955,3.491569496,-0.681450267,-2.179893603,0.682692733,-0.001606599,1.421332902,-7.403809971,-253,0.025661769,0.63111831,FirmLevel
3/7/2024,Dipsea Capital Fund LP,NVDA 03/08/2024 CALL 1140,NVDA  240308C01140000,US67066G1040,67066G104,,-192,0.04,-192,OPTION CALLS,-768,,NVDA  240308C01140000 Equity,NVDA  240308C01140000 Equity,282376,BBG000BBJQV0,March 24 Calls on NVDA US,NVIDIA CORP,Equity Option,Option,UNITED STATES,USD,1,Information Technology,Semiconductors & Semiconductor,2.31673E+12,50986249.81,100,926.69,1140,0.001369,2024-03-08,0.0025,Call,BBG000BBJQV0 FIGI,S5INFT Index,0.04,1.931775828,0.002100877,0.000100093,0.000927552,0.002273176,-0.439416441,2.31673E+12,Mega,0.001882861,-37379.75231,-81243.86269,-17792448,2.173472473,0.904010619,1.851290328,-0.499720296,-1.252298723,2.95908381,-0.054732118,-0.513652681,-0.098295376,-0.187191177,-0.051949168,0.603704772,-2.267324431,-0.563884768,-0.179927012,-1.409351807,-0.588994794,-1.709383376,-1.099079385,-1.993670691,2.404352192,-1.4154562,-0.908978101,0.359039678,-0.832580564,-0.856012196,-0.37457142,1.655353603,-5.035105955,3.491569496,-0.681450267,-2.179893603,0.682692733,-0.001606599,1.421332902,-7.403809971,-768,0.025661769,0.63111831,FirmLevel
3/7/2024,Dipsea Capital Fund LP,NVDA 03/08/2024 CALL 1160,NVDA  240308C01160000,US67066G1040,67066G104,,-77,0.05,-38.5,OPTION CALLS,-385,,NVDA  240308C01160000 Equity,NVDA  240308C01160000 Equity,282380,BBG000BBJQV0,March 24 Calls on NVDA US,NVIDIA CORP,Equity Option,Option,UNITED STATES,USD,1,Information Technology,Semiconductors & Semiconductor,2.31673E+12,50986249.81,100,926.69,1160,0.001369,2024-03-08,0.0025,Call,BBG000BBJQV0 FIGI,S5INFT Index,0.05,2.119908808,0.002374101,0.000101896,0.00094426,0.00253949,-0.538702907,2.31673E+12,Mega,0.000755106,-16940.43154,-36819.56162,-7135513,2.173472473,0.904010619,1.851290328,-0.499720296,-1.252298723,2.95908381,-0.054732118,-0.513652681,-0.098295376,-0.187191177,-0.051949168,0.603704772,-2.267324431,-0.563884768,-0.179927012,-1.409351807,-0.588994794,-1.709383376,-1.099079385,-1.993670691,2.404352192,-1.4154562,-0.908978101,0.359039678,-0.832580564,-0.856012196,-0.37457142,1.655353603,-5.035105955,3.491569496,-0.681450267,-2.179893603,0.682692733,-0.001606599,1.421332902,-7.403809971,-385,0.025661769,0.63111831,FirmLevel
3/7/2024,Dipsea Capital Fund LP,NVDA 03/08/2024 CALL 1230,NVDA  240308C01230000,US67066G1040,67066G104,,48,0.015,15.27,OPTION CALLS,72,,NVDA  240308C01230000 Equity,NVDA  240308C01230000 Equity,282721,BBG000BBJQV0,March 24 Calls on NVDA US,NVIDIA CORP,Equity Option,Option,UNITED STATES,USD,1,Information Technology,Semiconductors & Semiconductor,2.31673E+12,50986249.81,100,926.69,1230,0.001369,2024-03-08,0.0025,Call,BBG000BBJQV0 FIGI,S5INFT Index,0.015,2.363395267,0.000700963,2.99659E-05,0.000277691,0.0008326,-0.196904704,2.31673E+12,Mega,0.000470715,3117.961596,6776.8037,4448112,2.173472473,0.904010619,1.851290328,-0.499720296,-1.252298723,2.95908381,-0.054732118,-0.513652681,-0.098295376,-0.187191177,-0.051949168,0.603704772,-2.267324431,-0.563884768,-0.179927012,-1.409351807,-0.588994794,-1.709383376,-1.099079385,-1.993670691,2.404352192,-1.4154562,-0.908978101,0.359039678,-0.832580564,-0.856012196,-0.37457142,1.655353603,-5.035105955,3.491569496,-0.681450267,-2.179893603,0.682692733,-0.001606599,1.421332902,-7.403809971,72,0.025661769,0.63111831,FirmLevel
3/7/2024,Dipsea Capital Fund LP,NVDA 03/08/2024 CALL 1240,NVDA  240308C01240000,US67066G1040,67066G104,,382,0.01,-69.47,OPTION CALLS,382,,NVDA  240308C01240000 Equity,NVDA  240308C01240000 Equity,282722,BBG000BBJQV0,March 24 Calls on NVDA US,NVIDIA CORP,Equity Option,Option,UNITED STATES,USD,1,Information Technology,Semiconductors & Semiconductor,2.31673E+12,50986249.81,100,926.69,1240,0.001369,2024-03-08,0.0025,Call,BBG000BBJQV0 FIGI,S5INFT Index,0.01,2.353298701,0.000481142,2.1255E-05,0.000196968,0.000588044,-0.138474522,2.31673E+12,Mega,0.003746108,17032.22404,37019.0701,35399558,2.173472473,0.904010619,1.851290328,-0.499720296,-1.252298723,2.95908381,-0.054732118,-0.513652681,-0.098295376,-0.187191177,-0.051949168,0.603704772,-2.267324431,-0.563884768,-0.179927012,-1.409351807,-0.588994794,-1.709383376,-1.099079385,-1.993670691,2.404352192,-1.4154562,-0.908978101,0.359039678,-0.832580564,-0.856012196,-0.37457142,1.655353603,-5.035105955,3.491569496,-0.681450267,-2.179893603,0.682692733,-0.001606599,1.421332902,-7.403809971,382,0.025661769,0.63111831,FirmLevel
3/7/2024,Dipsea Capital Fund LP,NVDA 03/08/2024 CALL 1300,NVDA  240308C01300000,US67066G1040,67066G104,,-1499,0.005,0,OPTION CALLS,-749.5,,NVDA  240308C01300000 Equity,NVDA  240308C01300000 Equity,282381,BBG000BBJQV0,March 24 Calls on NVDA US,NVIDIA CORP,Equity Option,Option,UNITED STATES,USD,1,Information Technology,Semiconductors & Semiconductor,2.31673E+12,50986249.81,100,926.69,1300,0.001369,2024-03-08,0.0025,Call,BBG000BBJQV0 FIGI,S5INFT Index,0.005,2.576878,0.000230387,9.78819E-06,9.07062E-05,0.00029653,-0.076461768,2.31673E+12,Mega,0.014700042,-32003.2856,-69558.2603,-138910831,2.173472473,0.904010619,1.851290328,-0.499720296,-1.252298723,2.95908381,-0.054732118,-0.513652681,-0.098295376,-0.187191177,-0.051949168,0.603704772,-2.267324431,-0.563884768,-0.179927012,-1.409351807,-0.588994794,-1.709383376,-1.099079385,-1.993670691,2.404352192,-1.4154562,-0.908978101,0.359039678,-0.832580564,-0.856012196,-0.37457142,1.655353603,-5.035105955,3.491569496,-0.681450267,-2.179893603,0.682692733,-0.001606599,1.421332902,-7.403809971,-749.5,0.025661769,0.63111831,FirmLevel
3/7/2024,Dipsea Capital Fund LP,NVDA 03/08/2024 CALL 1450,NVDA  240308C01450000,US67066G1040,67066G104,,-2,0.005,0,OPTION CALLS,-1,,NVDA  240308C01450000 Equity,NVDA  240308C01450000 Equity,282552,BBG000BBJQV0,March 24 Calls on NVDA US,NVIDIA CORP,Equity Option,Option,UNITED STATES,USD,1,Information Technology,Semiconductors & Semiconductor,2.31673E+12,50986249.81,100,926.69,1450,0.001369,2024-03-08,0.0025,Call,BBG000BBJQV0 FIGI,S5INFT Index,0.005,3.335919104,0.000181622,6.05482E-06,5.61094E-05,0.000237459,-0.0792655,2.31673E+12,Mega,1.96131E-05,-33.66142092,-73.16217177,-185338,2.173472473,0.904010619,1.851290328,-0.499720296,-1.252298723,2.95908381,-0.054732118,-0.513652681,-0.098295376,-0.187191177,-0.051949168,0.603704772,-2.267324431,-0.563884768,-0.179927012,-1.409351807,-0.588994794,-1.709383376,-1.099079385,-1.993670691,2.404352192,-1.4154562,-0.908978101,0.359039678,-0.832580564,-0.856012196,-0.37457142,1.655353603,-5.035105955,3.491569496,-0.681450267,-2.179893603,0.682692733,-0.001606599,1.421332902,-7.403809971,-1,0.025661769,0.63111831,FirmLevel
3/7/2024,Dipsea Capital Fund LP,NVDA 03/08/2024 PUT 645,NVDA  240308P00645000,US67066G1040,67066G104,,-253,0.015,4680.5,OPTION PUTS,-379.5,,NVDA  240308P00645000 Equity,NVDA  240308P00645000 Equity,281319,BBG000BBJQV0,March 24 Puts on NVDA US,NVIDIA CORP,Equity Option,Option,UNITED STATES,USD,1,Information Technology,Semiconductors & Semiconductor,2.31673E+12,50986249.81,100,926.69,645,0.001369,2024-03-08,0.0025,Put,BBG000BBJQV0 FIGI,S5INFT Index,0.015,3.042480196,-0.000527714,1.79082E-05,0.000165954,0.00064055,-0.199423339,2.31673E+12,Mega,0.002481061,12372.39813,26891.06676,23445257,2.173472473,0.904010619,1.851290328,-0.499720296,-1.252298723,2.95908381,-0.054732118,-0.513652681,-0.098295376,-0.187191177,-0.051949168,0.603704772,-2.267324431,-0.563884768,-0.179927012,-1.409351807,-0.588994794,-1.709383376,-1.099079385,-1.993670691,2.404352192,-1.4154562,-0.908978101,0.359039678,-0.832580564,-0.856012196,-0.37457142,1.655353603,-5.035105955,3.491569496,-0.681450267,-2.179893603,0.682692733,-0.001606599,1.421332902,-7.403809971,-379.5,0.025661769,0.63111831,FirmLevel
3/7/2024,Dipsea Capital Fund LP,NVDA 03/08/2024 PUT 650,NVDA  240308P00650000,US67066G1040,67066G104,,-132,0.015,2574,OPTION PUTS,-198,,NVDA  240308P00650000 Equity,NVDA  240308P00650000 Equity,281320,BBG000BBJQV0,March 24 Puts on NVDA US,NVIDIA CORP,Equity Option,Option,UNITED STATES,USD,1,Information Technology,Semiconductors & Semiconductor,2.31673E+12,50986249.81,100,926.69,650,0.001369,2024-03-08,0.0025,Put,BBG000BBJQV0 FIGI,S5INFT Index,0.015,2.981691463,-0.000538068,1.86048E-05,0.000172408,0.000652167,-0.19902732,2.31673E+12,Mega,0.001294467,6581.808674,14305.37997,12232308,2.173472473,0.904010619,1.851290328,-0.499720296,-1.252298723,2.95908381,-0.054732118,-0.513652681,-0.098295376,-0.187191177,-0.051949168,0.603704772,-2.267324431,-0.563884768,-0.179927012,-1.409351807,-0.588994794,-1.709383376,-1.099079385,-1.993670691,2.404352192,-1.4154562,-0.908978101,0.359039678,-0.832580564,-0.856012196,-0.37457142,1.655353603,-5.035105955,3.491569496,-0.681450267,-2.179893603,0.682692733,-0.001606599,1.421332902,-7.403809971,-198,0.025661769,0.63111831,FirmLevel
3/7/2024,Dipsea Capital Fund LP,NVDA 03/08/2024 PUT 655,NVDA  240308P00655000,US67066G1040,67066G104,,-77,0.03,385,OPTION PUTS,-231,,NVDA  240308P00655000 Equity,NVDA  240308P00655000 Equity,282095,BBG000BBJQV0,March 24 Puts on NVDA US,NVIDIA CORP,Equity Option,Option,UNITED STATES,USD,1,Information Technology,Semiconductors & Semiconductor,2.31673E+12,50986249.81,100,926.69,655,0.001369,2024-03-08,0.0025,Put,BBG000BBJQV0 FIGI,S5INFT Index,0.03,3.089768953,-0.000992892,3.15754E-05,0.000292606,0.001146958,-0.35908659,2.31673E+12,Mega,0.000755106,7084.790916,15398.59803,7135513,2.173472473,0.904010619,1.851290328,-0.499720296,-1.252298723,2.95908381,-0.054732118,-0.513652681,-0.098295376,-0.187191177,-0.051949168,0.603704772,-2.267324431,-0.563884768,-0.179927012,-1.409351807,-0.588994794,-1.709383376,-1.099079385,-1.993670691,2.404352192,-1.4154562,-0.908978101,0.359039678,-0.832580564,-0.856012196,-0.37457142,1.655353603,-5.035105955,3.491569496,-0.681450267,-2.179893603,0.682692733,-0.001606599,1.421332902,-7.403809971,-231,0.025661769,0.63111831,FirmLevel
3/7/2024,Dipsea Capital Fund LP,NVDA 03/08/2024 PUT 660,NVDA  240308P00660000,US67066G1040,67066G104,,-555,0.02,5550,OPTION PUTS,-1110,,NVDA  240308P00660000 Equity,NVDA  240308P00660000 Equity,281321,BBG000BBJQV0,March 24 Puts on NVDA US,NVIDIA CORP,Equity Option,Option,UNITED STATES,USD,1,Information Technology,Semiconductors & Semiconductor,2.31673E+12,50986249.81,100,926.69,660,0.001369,2024-03-08,0.0025,Put,BBG000BBJQV0 FIGI,S5INFT Index,0.02,2.927057833,-0.000716687,2.46953E-05,0.000228849,0.000849804,-0.253415143,2.31673E+12,Mega,0.005442644,36860.12014,80114.45647,51431295,2.173472473,0.904010619,1.851290328,-0.499720296,-1.252298723,2.95908381,-0.054732118,-0.513652681,-0.098295376,-0.187191177,-0.051949168,0.603704772,-2.267324431,-0.563884768,-0.179927012,-1.409351807,-0.588994794,-1.709383376,-1.099079385,-1.993670691,2.404352192,-1.4154562,-0.908978101,0.359039678,-0.832580564,-0.856012196,-0.37457142,1.655353603,-5.035105955,3.491569496,-0.681450267,-2.179893603,0.682692733,-0.001606599,1.421332902,-7.403809971,-1110,0.025661769,0.63111831,FirmLevel
3/7/2024,Dipsea Capital Fund LP,NVDA 03/08/2024 PUT 700,NVDA  240308P00700000,US67066G1040,67066G104,,-382,0.025,5730,OPTION PUTS,-955,,NVDA  240308P00700000 Equity,NVDA  240308P00700000 Equity,282493,BBG000BBJQV0,March 24 Puts on NVDA US,NVIDIA CORP,Equity Option,Option,UNITED STATES,USD,1,Information Technology,Semiconductors & Semiconductor,2.31673E+12,50986249.81,100,926.69,700,0.001369,2024-03-08,0.0025,Put,BBG000BBJQV0 FIGI,S5INFT Index,0.025,2.497373323,-0.001027108,4.0299E-05,0.000373447,0.001183178,-0.300457753,2.31673E+12,Mega,0.003746108,36359.17654,79025.66934,35399558,2.173472473,0.904010619,1.851290328,-0.499720296,-1.252298723,2.95908381,-0.054732118,-0.513652681,-0.098295376,-0.187191177,-0.051949168,0.603704772,-2.267324431,-0.563884768,-0.179927012,-1.409351807,-0.588994794,-1.709383376,-1.099079385,-1.993670691,2.404352192,-1.4154562,-0.908978101,0.359039678,-0.832580564,-0.856012196,-0.37457142,1.655353603,-5.035105955,3.491569496,-0.681450267,-2.179893603,0.682692733,-0.001606599,1.421332902,-7.403809971,-955,0.025661769,0.63111831,FirmLevel
3/7/2024,Dipsea Capital Fund LP,NVDA 03/08/2024 PUT 725,NVDA  240308P00725000,US67066G1040,67066G104,,116,0.045,-3422,OPTION PUTS,522,,NVDA  240308P00725000 Equity,NVDA  240308P00725000 Equity,281342,BBG000BBJQV0,March 24 Puts on NVDA US,NVIDIA CORP,Equity Option,Option,UNITED STATES,USD,1,Information Technology,Semiconductors & Semiconductor,2.31673E+12,50986249.81,100,926.69,725,0.001369,2024-03-08,0.0025,Put,BBG000BBJQV0 FIGI,S5INFT Index,0.045,2.326017691,-0.001895591,7.57186E-05,0.000701677,0.00207056,-0.486872987,2.31673E+12,Mega,0.001137562,-20376.85514,-44288.53372,-10749604,2.173472473,0.904010619,1.851290328,-0.499720296,-1.252298723,2.95908381,-0.054732118,-0.513652681,-0.098295376,-0.187191177,-0.051949168,0.603704772,-2.267324431,-0.563884768,-0.179927012,-1.409351807,-0.588994794,-1.709383376,-1.099079385,-1.993670691,2.404352192,-1.4154562,-0.908978101,0.359039678,-0.832580564,-0.856012196,-0.37457142,1.655353603,-5.035105955,3.491569496,-0.681450267,-2.179893603,0.682692733,-0.001606599,1.421332902,-7.403809971,522,0.025661769,0.63111831,FirmLevel
3/7/2024,Dipsea Capital Fund LP,NVDA 03/08/2024 PUT 740,NVDA  240308P00740000,US67066G1040,67066G104,,15,0.055,-480,OPTION PUTS,82.5,,NVDA  240308P00740000 Equity,NVDA  240308P00740000 Equity,282104,BBG000BBJQV0,March 24 Puts on NVDA US,NVIDIA CORP,Equity Option,Option,UNITED STATES,USD,1,Information Technology,Semiconductors & Semiconductor,2.31673E+12,50986249.81,100,926.69,740,0.001369,2024-03-08,0.0025,Put,BBG000BBJQV0 FIGI,S5INFT Index,0.055,2.189120496,-0.002416024,0.00010025,0.000929006,0.002580038,-0.570210148,2.31673E+12,Mega,0.000147098,-3358.358141,-7299.298972,-1390035,2.173472473,0.904010619,1.851290328,-0.499720296,-1.252298723,2.95908381,-0.054732118,-0.513652681,-0.098295376,-0.187191177,-0.051949168,0.603704772,-2.267324431,-0.563884768,-0.179927012,-1.409351807,-0.588994794,-1.709383376,-1.099079385,-1.993670691,2.404352192,-1.4154562,-0.908978101,0.359039678,-0.832580564,-0.856012196,-0.37457142,1.655353603,-5.035105955,3.491569496,-0.681450267,-2.179893603,0.682692733,-0.001606599,1.421332902,-7.403809971,82.5,0.025661769,0.63111831,FirmLevel
3/7/2024,Dipsea Capital Fund LP,NVDA 03/08/2024 PUT 745,NVDA  240308P00745000,US67066G1040,67066G104,,-1,0.045,5.29,OPTION PUTS,-4.5,,NVDA  240308P00745000 Equity,NVDA  240308P00745000 Equity,282709,BBG000BBJQV0,March 24 Puts on NVDA US,NVIDIA CORP,Equity Option,Option,UNITED STATES,USD,1,Information Technology,Semiconductors & Semiconductor,2.31673E+12,50986249.81,100,926.69,745,0.001369,2024-03-08,0.0025,Put,BBG000BBJQV0 FIGI,S5INFT Index,0.045,2.088437772,-0.00209881,9.2502E-05,0.000857207,0.002271146,-0.479702906,2.31673E+12,Mega,9.80657E-06,194.4946474,422.7287623,92669,2.173472473,0.904010619,1.851290328,-0.499720296,-1.252298723,2.95908381,-0.054732118,-0.513652681,-0.098295376,-0.187191177,-0.051949168,0.603704772,-2.267324431,-0.563884768,-0.179927012,-1.409351807,-0.588994794,-1.709383376,-1.099079385,-1.993670691,2.404352192,-1.4154562,-0.908978101,0.359039678,-0.832580564,-0.856012196,-0.37457142,1.655353603,-5.035105955,3.491569496,-0.681450267,-2.179893603,0.682692733,-0.001606599,1.421332902,-7.403809971,-4.5,0.025661769,0.63111831,FirmLevel
3/7/2024,Dipsea Capital Fund LP,NVDA 03/08/2024 PUT 750,NVDA  240308P00750000,US67066G1040,67066G104,,-256,0.05,1639.75,OPTION PUTS,-1280,,NVDA  240308P00750000 Equity,NVDA  240308P00750000 Equity,282684,BBG000BBJQV0,March 24 Puts on NVDA US,NVIDIA CORP,Equity Option,Option,UNITED STATES,USD,1,Information Technology,Semiconductors & Semiconductor,2.31673E+12,50986249.81,100,926.69,750,0.001369,2024-03-08,0.0025,Put,BBG000BBJQV0 FIGI,S5INFT Index,0.05,2.050413887,-0.00235359,0.000104525,0.000968626,0.002519622,-0.522074225,2.31673E+12,Mega,0.002510481,55834.83488,121355.4766,23723264,2.173472473,0.904010619,1.851290328,-0.499720296,-1.252298723,2.95908381,-0.054732118,-0.513652681,-0.098295376,-0.187191177,-0.051949168,0.603704772,-2.267324431,-0.563884768,-0.179927012,-1.409351807,-0.588994794,-1.709383376,-1.099079385,-1.993670691,2.404352192,-1.4154562,-0.908978101,0.359039678,-0.832580564,-0.856012196,-0.37457142,1.655353603,-5.035105955,3.491569496,-0.681450267,-2.179893603,0.682692733,-0.001606599,1.421332902,-7.403809971,-1280,0.025661769,0.63111831,FirmLevel
3/7/2024,Dipsea Capital Fund LP,NVDA 03/08/2024 PUT 755,NVDA  240308P00755000,US67066G1040,67066G104,,-154,0.055,433.55,OPTION PUTS,-847,,NVDA  240308P00755000 Equity,NVDA  240308P00755000 Equity,282710,BBG000BBJQV0,March 24 Puts on NVDA US,NVIDIA CORP,Equity Option,Option,UNITED STATES,USD,1,Information Technology,Semiconductors & Semiconductor,2.31673E+12,50986249.81,100,926.69,755,0.001369,2024-03-08,0.0025,Put,BBG000BBJQV0 FIGI,S5INFT Index,0.055,2.010191615,-0.002618089,0.000117396,0.001087901,0.002774371,-0.563207608,2.31673E+12,Mega,0.001510211,37362.82017,81207.06114,14271026,2.173472473,0.904010619,1.851290328,-0.499720296,-1.252298723,2.95908381,-0.054732118,-0.513652681,-0.098295376,-0.187191177,-0.051949168,0.603704772,-2.267324431,-0.563884768,-0.179927012,-1.409351807,-0.588994794,-1.709383376,-1.099079385,-1.993670691,2.404352192,-1.4154562,-0.908978101,0.359039678,-0.832580564,-0.856012196,-0.37457142,1.655353603,-5.035105955,3.491569496,-0.681450267,-2.179893603,0.682692733,-0.001606599,1.421332902,-7.403809971,-847,0.025661769,0.63111831,FirmLevel
3/7/2024,Dipsea Capital Fund LP,NVDA 03/08/2024 PUT 760,NVDA  240308P00760000,US67066G1040,67066G104,,-371,0.04,1801.3,OPTION PUTS,-1484,,NVDA  240308P00760000 Equity,NVDA  240308P00760000 Equity,282685,BBG000BBJQV0,March 24 Puts on NVDA US,NVIDIA CORP,Equity Option,Option,UNITED STATES,USD,1,Information Technology,Semiconductors & Semiconductor,2.31673E+12,50986249.81,100,926.69,760,0.001369,2024-03-08,0.0025,Put,BBG000BBJQV0 FIGI,S5INFT Index,0.04,1.891922399,-0.002066224,0.000100671,0.000932907,0.002239131,-0.42908538,2.31673E+12,Mega,0.003638236,71037.18545,154397.3671,34380199,2.173472473,0.904010619,1.851290328,-0.499720296,-1.252298723,2.95908381,-0.054732118,-0.513652681,-0.098295376,-0.187191177,-0.051949168,0.603704772,-2.267324431,-0.563884768,-0.179927012,-1.409351807,-0.588994794,-1.709383376,-1.099079385,-1.993670691,2.404352192,-1.4154562,-0.908978101,0.359039678,-0.832580564,-0.856012196,-0.37457142,1.655353603,-5.035105955,3.491569496,-0.681450267,-2.179893603,0.682692733,-0.001606599,1.421332902,-7.403809971,-1484,0.025661769,0.63111831,FirmLevel
3/7/2024,Dipsea Capital Fund LP,NVDA 03/08/2024 PUT 765,NVDA  240308P00765000,US67066G1040,67066G104,,-7,0.055,23.19,OPTION PUTS,-38.5,,NVDA  240308P00765000 Equity,NVDA  240308P00765000 Equity,281078,BBG000BBJQV0,March 24 Puts on NVDA US,NVIDIA CORP,Equity Option,Option,UNITED STATES,USD,1,Information Technology,Semiconductors & Semiconductor,2.31673E+12,50986249.81,100,926.69,765,0.001369,2024-03-08,0.0025,Put,BBG000BBJQV0 FIGI,S5INFT Index,0.055,1.892267255,-0.002771122,0.000131276,0.001216523,0.00292039,-0.558185883,2.31673E+12,Mega,6.8646E-05,1797.579411,3906.989368,648683,2.173472473,0.904010619,1.851290328,-0.499720296,-1.252298723,2.95908381,-0.054732118,-0.513652681,-0.098295376,-0.187191177,-0.051949168,0.603704772,-2.267324431,-0.563884768,-0.179927012,-1.409351807,-0.588994794,-1.709383376,-1.099079385,-1.993670691,2.404352192,-1.4154562,-0.908978101,0.359039678,-0.832580564,-0.856012196,-0.37457142,1.655353603,-5.035105955,3.491569496,-0.681450267,-2.179893603,0.682692733,-0.001606599,1.421332902,-7.403809971,-38.5,0.025661769,0.63111831,FirmLevel
3/7/2024,Dipsea Capital Fund LP,NVDA 03/08/2024 PUT 770,NVDA  240308P00770000,US67066G1040,67066G104,,-77,0.06,159.02,OPTION PUTS,-462,,NVDA  240308P00770000 Equity,NVDA  240308P00770000 Equity,282686,BBG000BBJQV0,March 24 Puts on NVDA US,NVIDIA CORP,Equity Option,Option,UNITED STATES,USD,1,Information Technology,Semiconductors & Semiconductor,2.31673E+12,50986249.81,100,926.69,770,0.001369,2024-03-08,0.0025,Put,BBG000BBJQV0 FIGI,S5INFT Index,0.06,1.849823961,-0.003066623,0.000147133,0.001363463,0.003199718,-0.597518622,2.31673E+12,Mega,0.000755106,21881.92741,47559.76688,7135513,2.173472473,0.904010619,1.851290328,-0.499720296,-1.252298723,2.95908381,-0.054732118,-0.513652681,-0.098295376,-0.187191177,-0.051949168,0.603704772,-2.267324431,-0.563884768,-0.179927012,-1.409351807,-0.588994794,-1.709383376,-1.099079385,-1.993670691,2.404352192,-1.4154562,-0.908978101,0.359039678,-0.832580564,-0.856012196,-0.37457142,1.655353603,-5.035105955,3.491569496,-0.681450267,-2.179893603,0.682692733,-0.001606599,1.421332902,-7.403809971,-462,0.025661769,0.63111831,FirmLevel
3/7/2024,Dipsea Capital Fund LP,NVDA 03/08/2024 PUT 775,NVDA  240308P00775000,US67066G1040,67066G104,,-68,0.075,157.43,OPTION PUTS,-510,,NVDA  240308P00775000 Equity,NVDA  240308P00775000 Equity,282716,BBG000BBJQV0,March 24 Puts on NVDA US,NVIDIA CORP,Equity Option,Option,UNITED STATES,USD,1,Information Technology,Semiconductors & Semiconductor,2.31673E+12,50986249.81,100,926.69,775,0.001369,2024-03-08,0.0025,Put,BBG000BBJQV0 FIGI,S5INFT Index,0.075,1.832985164,-0.003796112,0.00017987,0.001666835,0.003876052,-0.716206021,2.31673E+12,Mega,0.000666846,23921.17164,51992.00808,6301492,2.173472473,0.904010619,1.851290328,-0.499720296,-1.252298723,2.95908381,-0.054732118,-0.513652681,-0.098295376,-0.187191177,-0.051949168,0.603704772,-2.267324431,-0.563884768,-0.179927012,-1.409351807,-0.588994794,-1.709383376,-1.099079385,-1.993670691,2.404352192,-1.4154562,-0.908978101,0.359039678,-0.832580564,-0.856012196,-0.37457142,1.655353603,-5.035105955,3.491569496,-0.681450267,-2.179893603,0.682692733,-0.001606599,1.421332902,-7.403809971,-510,0.025661769,0.63111831,FirmLevel
3/7/2024,Dipsea Capital Fund LP,NVDA 03/08/2024 PUT 800,NVDA  240308P00800000,US67066G1040,67066G104,,39,0.1,-2730,OPTION PUTS,390,,NVDA  240308P00800000 Equity,NVDA  240308P00800000 Equity,282494,BBG000BBJQV0,March 24 Puts on NVDA US,NVIDIA CORP,Equity Option,Option,UNITED STATES,USD,1,Information Technology,Semiconductors & Semiconductor,2.31673E+12,50986249.81,100,926.69,800,0.001369,2024-03-08,0.0025,Put,BBG000BBJQV0 FIGI,S5INFT Index,0.1,1.586720906,-0.005647661,0.000296188,0.002744744,0.005525102,-0.882675095,2.31673E+12,Mega,0.000382456,-20411.16101,-44363.09659,-3614091,2.173472473,0.904010619,1.851290328,-0.499720296,-1.252298723,2.95908381,-0.054732118,-0.513652681,-0.098295376,-0.187191177,-0.051949168,0.603704772,-2.267324431,-0.563884768,-0.179927012,-1.409351807,-0.588994794,-1.709383376,-1.099079385,-1.993670691,2.404352192,-1.4154562,-0.908978101,0.359039678,-0.832580564,-0.856012196,-0.37457142,1.655353603,-5.035105955,3.491569496,-0.681450267,-2.179893603,0.682692733,-0.001606599,1.421332902,-7.403809971,390,0.025661769,0.63111831,FirmLevel
3/7/2024,Dipsea Capital Fund LP,NVDA 03/08/2024 PUT 825,NVDA  240308P00825000,US67066G1040,67066G104,,15,0.125,-490.23,OPTION PUTS,187.5,,NVDA  240308P00825000 Equity,NVDA  240308P00825000 Equity,282317,BBG000BBJQV0,March 24 Puts on NVDA US,NVIDIA CORP,Equity Option,Option,UNITED STATES,USD,1,Information Technology,Semiconductors & Semiconductor,2.31673E+12,50986249.81,100,926.69,825,0.001369,2024-03-08,0.0025,Put,BBG000BBJQV0 FIGI,S5INFT Index,0.125,1.322175313,-0.008185379,0.000493345,0.004571776,0.007668527,-1.02015068,2.31673E+12,Mega,0.000147098,-11377.96395,-24729.69144,-1390035,2.173472473,0.904010619,1.851290328,-0.499720296,-1.252298723,2.95908381,-0.054732118,-0.513652681,-0.098295376,-0.187191177,-0.051949168,0.603704772,-2.267324431,-0.563884768,-0.179927012,-1.409351807,-0.588994794,-1.709383376,-1.099079385,-1.993670691,2.404352192,-1.4154562,-0.908978101,0.359039678,-0.832580564,-0.856012196,-0.37457142,1.655353603,-5.035105955,3.491569496,-0.681450267,-2.179893603,0.682692733,-0.001606599,1.421332902,-7.403809971,187.5,0.025661769,0.63111831,FirmLevel
3/7/2024,Dipsea Capital Fund LP,NVDA 03/08/2024 PUT 835,NVDA  240308P00835000,US67066G1040,67066G104,,23,0.13,-870.6,OPTION PUTS,299,,NVDA  240308P00835000 Equity,NVDA  240308P00835000 Equity,282730,BBG000BBJQV0,March 24 Puts on NVDA US,NVIDIA CORP,Equity Option,Option,UNITED STATES,USD,1,Information Technology,Semiconductors & Semiconductor,2.31673E+12,50986249.81,100,926.69,835,0.001369,2024-03-08,0.0025,Put,BBG000BBJQV0 FIGI,S5INFT Index,0.13,1.20642201,-0.00922486,0.000600441,0.005564222,0.008516118,-1.033710552,2.31673E+12,Mega,0.000225551,-19661.74657,-42734.26492,-2131387,2.173472473,0.904010619,1.851290328,-0.499720296,-1.252298723,2.95908381,-0.054732118,-0.513652681,-0.098295376,-0.187191177,-0.051949168,0.603704772,-2.267324431,-0.563884768,-0.179927012,-1.409351807,-0.588994794,-1.709383376,-1.099079385,-1.993670691,2.404352192,-1.4154562,-0.908978101,0.359039678,-0.832580564,-0.856012196,-0.37457142,1.655353603,-5.035105955,3.491569496,-0.681450267,-2.179893603,0.682692733,-0.001606599,1.421332902,-7.403809971,299,0.025661769,0.63111831,FirmLevel
3/7/2024,Dipsea Capital Fund LP,NVDA 03/08/2024 PUT 855,NVDA  240308P00855000,US67066G1040,67066G104,,39,0.26,-911.9,OPTION PUTS,1014,,NVDA  240308P00855000 Equity,NVDA  240308P00855000 Equity,282731,BBG000BBJQV0,March 24 Puts on NVDA US,NVIDIA CORP,Equity Option,Option,UNITED STATES,USD,1,Information Technology,Semiconductors & Semiconductor,2.31673E+12,50986249.81,100,926.69,855,0.001369,2024-03-08,0.0025,Put,BBG000BBJQV0 FIGI,S5INFT Index,0.26,1.06199903,-0.019280391,0.001288947,0.011944541,0.016092797,-1.715862804,2.31673E+12,Mega,0.000382456,-69681.08923,-151449.9293,-3614091,2.173472473,0.904010619,1.851290328,-0.499720296,-1.252298723,2.95908381,-0.054732118,-0.513652681,-0.098295376,-0.187191177,-0.051949168,0.603704772,-2.267324431,-0.563884768,-0.179927012,-1.409351807,-0.588994794,-1.709383376,-1.099079385,-1.993670691,2.404352192,-1.4154562,-0.908978101,0.359039678,-0.832580564,-0.856012196,-0.37457142,1.655353603,-5.035105955,3.491569496,-0.681450267,-2.179893603,0.682692733,-0.001606599,1.421332902,-7.403809971,1014,0.025661769,0.63111831,FirmLevel
3/7/2024,Dipsea Capital Fund LP,OCEA 03/15/2024 CALL 12.5,OCEA  240315C00012500,US67644C1045,67644C104,,-39,0.1,4.48,OPTION CALLS,-390,,OCEA  240315C00012500 Equity,OCEA  240315C00012500 Equity,282733,BBG011WXCRR6,March 24 Calls on OCEA US,OCEAN BIOMEDICAL INC,Equity Option,Option,UNITED STATES,USD,1,Health Care,Biotechnology,197350000,13158894,100,5.27,12.5,0.019178,2024-03-15,0.0025,Call,BBG011WXCRR6 FIGI,S5HLTH Index,0.1,3.90502524,0.092314785,0.058063552,0.003059949,0.00120768,-0.033688664,197350000,Micro,0.001481887,-1897.345776,26.45260103,-20553,-0.013941898,-1.655609828,-3.191968852,2.920170359,2.072920724,2.165048671,-0.769642675,3.621164054,-0.784601494,1.966856555,0.674600321,-1.175304359,-1.867388773,1.902661908,-5.507513318,1.371629244,0.357491002,2.831807587,2.201701781,5.56810291,-1.011979317,2.606124208,0.655731704,-2.064430717,1.846204819,0.589530823,-0.017020996,-2.551721405,-0.292407577,-10.41394707,-14.64561553,-5.226460417,-0.612194464,-6.068856769,0.950254001,-167.2619945,-390,0.204595789,0.001619333,FirmLevel
3/7/2024,Dipsea Capital Fund LP,OCEA 03/15/2024 CALL 7.5,OCEA  240315C00007500,US67644C1045,67644C104,,39,0.5,-13.34,OPTION CALLS,1950,,OCEA  240315C00007500 Equity,OCEA  240315C00007500 Equity,282667,BBG011WXCRR6,March 24 Calls on OCEA US,OCEAN BIOMEDICAL INC,Equity Option,Option,UNITED STATES,USD,1,Health Care,Biotechnology,197350000,13158894,100,5.27,7.5,0.019178,2024-03-15,0.0025,Call,BBG011WXCRR6 FIGI,S5HLTH Index,0.5,3.847217354,0.346110646,0.131379016,0.006923674,0.002692138,-0.073989664,197350000,Micro,0.001481887,7113.612097,-99.17725331,20553,-0.013941898,-1.655609828,-3.191968852,2.920170359,2.072920724,2.165048671,-0.769642675,3.621164054,-0.784601494,1.966856555,0.674600321,-1.175304359,-1.867388773,1.902661908,-5.507513318,1.371629244,0.357491002,2.831807587,2.201701781,5.56810291,-1.011979317,2.606124208,0.655731704,-2.064430717,1.846204819,0.589530823,-0.017020996,-2.551721405,-0.292407577,-10.41394707,-14.64561553,-5.226460417,-0.612194464,-6.068856769,0.950254001,-167.2619945,1950,0.204595789,0.001619333,FirmLevel
3/7/2024,Dipsea Capital Fund LP,SPXW 03/08/2024 CALL 5225,SPXW  240308C05225000,NOT AVAILABLE,NOT AVAILABLE,,11,0.825,-377.88,OPTION CALLS,907.5,,SPXW  240308C05225000 Equity,SPXW  240308C05225000 Equity,282697,BBG000H4FSM0,March 24 Calls on SPX,S&P 500 INDEX,Index Option,Option,UNITED STATES,USD,1,Broad Market Index,Broad Market Index,4.49585E+13,700005699,100,5157.36,5225,0.001369,2024-03-08,0.0025,Call,BBG000H4FSM0 FIGI,SPX Index,0.825,0.212311147,0.049029073,0.002506165,0.12925193,0.193749562,-4.117838582,4.49585E+13,Mega,7.85708E-06,278146.6404,278146.6404,5673096,1,7.95612E-05,0.001179791,-1.78601E-17,-1.58956E-16,-4.23517E-16,2.23646E-18,-8.55985E-18,5.94659E-18,-5.47982E-17,2.62456E-17,-2.1936E-17,5.24041E-17,-2.06066E-18,-1.87447E-16,-2.02095E-17,5.65555E-19,2.33244E-17,-1.41586E-16,-1.90822E-16,-1.92697E-16,-5.19252E-17,-8.24321E-17,-1.71905E-16,6.09729E-18,2.53786E-17,3.04544E-20,-6.08691E-17,-2.22979E-17,-1.34637E-16,7.90129E-17,1.9432E-16,1.22256E-16,-1.50618E-16,-3.16854E-18,1.50755E-16,907.5,0.007446872,1,FirmLevel
3/7/2024,Dipsea Capital Fund LP,SPXW 03/08/2024 CALL 5250,SPXW  240308C05250000,NOT AVAILABLE,NOT AVAILABLE,,77,0.225,-976.51,OPTION CALLS,1732.5,,SPXW  240308C05250000 Equity,SPXW  240308C05250000 Equity,282668,BBG000H4FSM0,March 24 Calls on SPX,S&P 500 INDEX,Index Option,Option,UNITED STATES,USD,1,Broad Market Index,Broad Market Index,4.49585E+13,700005699,100,5157.36,5250,0.001369,2024-03-08,0.0025,Call,BBG000H4FSM0 FIGI,SPX Index,0.225,0.221407147,0.015052046,0.000899026,0.046366016,0.072480689,-1.606316072,4.49585E+13,Mega,5.49996E-05,597741.9063,597741.9063,39711672,1,7.95612E-05,0.001179791,-1.78601E-17,-1.58956E-16,-4.23517E-16,2.23646E-18,-8.55985E-18,5.94659E-18,-5.47982E-17,2.62456E-17,-2.1936E-17,5.24041E-17,-2.06066E-18,-1.87447E-16,-2.02095E-17,5.65555E-19,2.33244E-17,-1.41586E-16,-1.90822E-16,-1.92697E-16,-5.19252E-17,-8.24321E-17,-1.71905E-16,6.09729E-18,2.53786E-17,3.04544E-20,-6.08691E-17,-2.22979E-17,-1.34637E-16,7.90129E-17,1.9432E-16,1.22256E-16,-1.50618E-16,-3.16854E-18,1.50755E-16,1732.5,0.007446872,1,FirmLevel
3/7/2024,Dipsea Capital Fund LP,SPXW 03/08/2024 CALL 5275,SPXW  240308C05275000,NOT AVAILABLE,NOT AVAILABLE,,7,0.1,-1.28,OPTION CALLS,70,,SPXW  240308C05275000 Equity,SPXW  240308C05275000 Equity,282698,BBG000H4FSM0,March 24 Calls on SPX,S&P 500 INDEX,Index Option,Option,UNITED STATES,USD,1,Broad Market Index,Broad Market Index,4.49585E+13,700005699,100,5157.36,5275,0.001369,2024-03-08,0.0025,Call,BBG000H4FSM0 FIGI,SPX Index,0.1,0.245441502,0.006594544,0.000394706,0.020356419,0.035276077,-0.866599419,4.49585E+13,Mega,4.99996E-06,23807.30746,23807.30746,3610152,1,7.95612E-05,0.001179791,-1.78601E-17,-1.58956E-16,-4.23517E-16,2.23646E-18,-8.55985E-18,5.94659E-18,-5.47982E-17,2.62456E-17,-2.1936E-17,5.24041E-17,-2.06066E-18,-1.87447E-16,-2.02095E-17,5.65555E-19,2.33244E-17,-1.41586E-16,-1.90822E-16,-1.92697E-16,-5.19252E-17,-8.24321E-17,-1.71905E-16,6.09729E-18,2.53786E-17,3.04544E-20,-6.08691E-17,-2.22979E-17,-1.34637E-16,7.90129E-17,1.9432E-16,1.22256E-16,-1.50618E-16,-3.16854E-18,1.50755E-16,70,0.007446872,1,FirmLevel
3/7/2024,Dipsea Capital Fund LP,SPXW 03/08/2024 CALL 5290,SPXW  240308C05290000,NOT AVAILABLE,NOT AVAILABLE,,-77,0.1,-14.01,OPTION CALLS,-770,,SPXW  240308C05290000 Equity,SPXW  240308C05290000 Equity,282708,BBG000H4FSM0,March 24 Calls on SPX,S&P 500 INDEX,Index Option,Option,UNITED STATES,USD,1,Broad Market Index,Broad Market Index,4.49585E+13,700005699,100,5157.36,5290,0.001369,2024-03-08,0.0025,Call,BBG000H4FSM0 FIGI,SPX Index,0.1,0.272581912,0.005995222,0.000326655,0.016846776,0.032422368,-0.884543329,4.49585E+13,Mega,5.49996E-05,-238080.3048,-238080.3048,-39711672,1,7.95612E-05,0.001179791,-1.78601E-17,-1.58956E-16,-4.23517E-16,2.23646E-18,-8.55985E-18,5.94659E-18,-5.47982E-17,2.62456E-17,-2.1936E-17,5.24041E-17,-2.06066E-18,-1.87447E-16,-2.02095E-17,5.65555E-19,2.33244E-17,-1.41586E-16,-1.90822E-16,-1.92697E-16,-5.19252E-17,-8.24321E-17,-1.71905E-16,6.09729E-18,2.53786E-17,3.04544E-20,-6.08691E-17,-2.22979E-17,-1.34637E-16,7.90129E-17,1.9432E-16,1.22256E-16,-1.50618E-16,-3.16854E-18,1.50755E-16,-770,0.007446872,1,FirmLevel
3/7/2024,Dipsea Capital Fund LP,SPXW 03/08/2024 CALL 5295,SPXW  240308C05295000,NOT AVAILABLE,NOT AVAILABLE,,-77,0.075,178.49,OPTION CALLS,-577.5,,SPXW  240308C05295000 Equity,SPXW  240308C05295000 Equity,282732,BBG000H4FSM0,March 24 Calls on SPX,S&P 500 INDEX,Index Option,Option,UNITED STATES,USD,1,Broad Market Index,Broad Market Index,4.49585E+13,700005699,100,5157.36,5295,0.001369,2024-03-08,0.0025,Call,BBG000H4FSM0 FIGI,SPX Index,0.075,0.272793336,0.004606198,0.000258186,0.013315578,0.025646298,-0.700217156,4.49585E+13,Mega,5.49996E-05,-182919.8299,-182919.8299,-39711672,1,7.95612E-05,0.001179791,-1.78601E-17,-1.58956E-16,-4.23517E-16,2.23646E-18,-8.55985E-18,5.94659E-18,-5.47982E-17,2.62456E-17,-2.1936E-17,5.24041E-17,-2.06066E-18,-1.87447E-16,-2.02095E-17,5.65555E-19,2.33244E-17,-1.41586E-16,-1.90822E-16,-1.92697E-16,-5.19252E-17,-8.24321E-17,-1.71905E-16,6.09729E-18,2.53786E-17,3.04544E-20,-6.08691E-17,-2.22979E-17,-1.34637E-16,7.90129E-17,1.9432E-16,1.22256E-16,-1.50618E-16,-3.16854E-18,1.50755E-16,-577.5,0.007446872,1,FirmLevel
3/7/2024,Dipsea Capital Fund LP,SPXW 03/08/2024 CALL 5340,SPXW  240308C05340000,NOT AVAILABLE,NOT AVAILABLE,,-77,0.075,-206.51,OPTION CALLS,-577.5,,SPXW  240308C05340000 Equity,SPXW  240308C05340000 Equity,282727,BBG000H4FSM0,March 24 Calls on SPX,S&P 500 INDEX,Index Option,Option,UNITED STATES,USD,1,Broad Market Index,Broad Market Index,4.49585E+13,700005699,100,5157.36,5340,0.001369,2024-03-08,0.0025,Call,BBG000H4FSM0 FIGI,SPX Index,0.075,0.349927045,0.003668533,0.000164184,0.008467579,0.020920288,-0.732648008,4.49585E+13,Mega,5.49996E-05,-145683.5866,-145683.5866,-39711672,1,7.95612E-05,0.001179791,-1.78601E-17,-1.58956E-16,-4.23517E-16,2.23646E-18,-8.55985E-18,5.94659E-18,-5.47982E-17,2.62456E-17,-2.1936E-17,5.24041E-17,-2.06066E-18,-1.87447E-16,-2.02095E-17,5.65555E-19,2.33244E-17,-1.41586E-16,-1.90822E-16,-1.92697E-16,-5.19252E-17,-8.24321E-17,-1.71905E-16,6.09729E-18,2.53786E-17,3.04544E-20,-6.08691E-17,-2.22979E-17,-1.34637E-16,7.90129E-17,1.9432E-16,1.22256E-16,-1.50618E-16,-3.16854E-18,1.50755E-16,-577.5,0.007446872,1,FirmLevel
3/7/2024,Dipsea Capital Fund LP,SPXW 03/08/2024 CALL 5370,SPXW  240308C05370000,NOT AVAILABLE,NOT AVAILABLE,,-198,0.025,458.99,OPTION CALLS,-495,,SPXW  240308C05370000 Equity,SPXW  240308C05370000 Equity,282728,BBG000H4FSM0,March 24 Calls on SPX,S&P 500 INDEX,Index Option,Option,UNITED STATES,USD,1,Broad Market Index,Broad Market Index,4.49585E+13,700005699,100,5157.36,5370,0.001369,2024-03-08,0.0025,Call,BBG000H4FSM0 FIGI,SPX Index,0.025,0.361472193,0.001289275,6.16084E-05,0.003177367,0.008109109,-0.29335188,4.49585E+13,Mega,0.000141427,-131655.2852,-131655.2852,-102115728,1,7.95612E-05,0.001179791,-1.78601E-17,-1.58956E-16,-4.23517E-16,2.23646E-18,-8.55985E-18,5.94659E-18,-5.47982E-17,2.62456E-17,-2.1936E-17,5.24041E-17,-2.06066E-18,-1.87447E-16,-2.02095E-17,5.65555E-19,2.33244E-17,-1.41586E-16,-1.90822E-16,-1.92697E-16,-5.19252E-17,-8.24321E-17,-1.71905E-16,6.09729E-18,2.53786E-17,3.04544E-20,-6.08691E-17,-2.22979E-17,-1.34637E-16,7.90129E-17,1.9432E-16,1.22256E-16,-1.50618E-16,-3.16854E-18,1.50755E-16,-495,0.007446872,1,FirmLevel
3/7/2024,Dipsea Capital Fund LP,SPXW 03/08/2024 CALL 5375,SPXW  240308C05375000,NOT AVAILABLE,NOT AVAILABLE,,-181,0.05,-32.92,OPTION CALLS,-905,,SPXW  240308C05375000 Equity,SPXW  240308C05375000 Equity,282720,BBG000H4FSM0,March 24 Calls on SPX,S&P 500 INDEX,Index Option,Option,UNITED STATES,USD,1,Broad Market Index,Broad Market Index,4.49585E+13,700005699,100,5157.36,5375,0.001369,2024-03-08,0.0025,Call,BBG000H4FSM0 FIGI,SPX Index,0.05,0.392626935,0.002271511,9.49795E-05,0.004898437,0.013579023,-0.533565012,4.49585E+13,Mega,0.000129285,-212041.4764,-212041.4764,-93348216,1,7.95612E-05,0.001179791,-1.78601E-17,-1.58956E-16,-4.23517E-16,2.23646E-18,-8.55985E-18,5.94659E-18,-5.47982E-17,2.62456E-17,-2.1936E-17,5.24041E-17,-2.06066E-18,-1.87447E-16,-2.02095E-17,5.65555E-19,2.33244E-17,-1.41586E-16,-1.90822E-16,-1.92697E-16,-5.19252E-17,-8.24321E-17,-1.71905E-16,6.09729E-18,2.53786E-17,3.04544E-20,-6.08691E-17,-2.22979E-17,-1.34637E-16,7.90129E-17,1.9432E-16,1.22256E-16,-1.50618E-16,-3.16854E-18,1.50755E-16,-905,0.007446872,1,FirmLevel
3/7/2024,Dipsea Capital Fund LP,SPXW 03/08/2024 CALL 5380,SPXW  240308C05380000,NOT AVAILABLE,NOT AVAILABLE,,-55,0.05,-10.01,OPTION CALLS,-275,,SPXW  240308C05380000 Equity,SPXW  240308C05380000 Equity,282729,BBG000H4FSM0,March 24 Calls on SPX,S&P 500 INDEX,Index Option,Option,UNITED STATES,USD,1,Broad Market Index,Broad Market Index,4.49585E+13,700005699,100,5157.36,5380,0.001369,2024-03-08,0.0025,Call,BBG000H4FSM0 FIGI,SPX Index,0.05,0.400607127,0.002229821,9.15383E-05,0.004720962,0.013353037,-0.535347819,4.49585E+13,Mega,3.92854E-05,-63249.95429,-63249.95429,-28365480,1,7.95612E-05,0.001179791,-1.78601E-17,-1.58956E-16,-4.23517E-16,2.23646E-18,-8.55985E-18,5.94659E-18,-5.47982E-17,2.62456E-17,-2.1936E-17,5.24041E-17,-2.06066E-18,-1.87447E-16,-2.02095E-17,5.65555E-19,2.33244E-17,-1.41586E-16,-1.90822E-16,-1.92697E-16,-5.19252E-17,-8.24321E-17,-1.71905E-16,6.09729E-18,2.53786E-17,3.04544E-20,-6.08691E-17,-2.22979E-17,-1.34637E-16,7.90129E-17,1.9432E-16,1.22256E-16,-1.50618E-16,-3.16854E-18,1.50755E-16,-275,0.007446872,1,FirmLevel
3/7/2024,Dipsea Capital Fund LP,SPXW 03/08/2024 CALL 5400,SPXW  240308C05400000,NOT AVAILABLE,NOT AVAILABLE,,-551,0.05,-100.2,OPTION CALLS,-2755,,SPXW  240308C05400000 Equity,SPXW  240308C05400000 Equity,282669,BBG000H4FSM0,March 24 Calls on SPX,S&P 500 INDEX,Index Option,Option,UNITED STATES,USD,1,Broad Market Index,Broad Market Index,4.49585E+13,700005699,100,5157.36,5400,0.001369,2024-03-08,0.0025,Call,BBG000H4FSM0 FIGI,SPX Index,0.05,0.43231461,0.002078769,7.95975E-05,0.004105131,0.012530195,-0.542113209,4.49585E+13,Mega,0.000393568,-590724.941,-590724.941,-284170536,1,7.95612E-05,0.001179791,-1.78601E-17,-1.58956E-16,-4.23517E-16,2.23646E-18,-8.55985E-18,5.94659E-18,-5.47982E-17,2.62456E-17,-2.1936E-17,5.24041E-17,-2.06066E-18,-1.87447E-16,-2.02095E-17,5.65555E-19,2.33244E-17,-1.41586E-16,-1.90822E-16,-1.92697E-16,-5.19252E-17,-8.24321E-17,-1.71905E-16,6.09729E-18,2.53786E-17,3.04544E-20,-6.08691E-17,-2.22979E-17,-1.34637E-16,7.90129E-17,1.9432E-16,1.22256E-16,-1.50618E-16,-3.16854E-18,1.50755E-16,-2755,0.007446872,1,FirmLevel
3/7/2024,Dipsea Capital Fund LP,SPXW 03/08/2024 PUT 4350,SPXW  240308P04350000,NOT AVAILABLE,NOT AVAILABLE,,-248,0.05,-45.1,OPTION PUTS,-1240,,SPXW  240308P04350000 Equity,SPXW  240308P04350000 Equity,282670,BBG000H4FSM0,March 24 Puts on SPX,S&P 500 INDEX,Index Option,Option,UNITED STATES,USD,1,Broad Market Index,Broad Market Index,4.49585E+13,700005699,100,5157.36,4350,0.001369,2024-03-08,0.0025,Put,BBG000H4FSM0 FIGI,SPX Index,0.05,1.44570455,-0.000664681,8.3811E-06,0.000432244,0.004412037,-0.668022888,4.49585E+13,Mega,0.000177141,85014.32921,85014.32921,127902528,1,7.95612E-05,0.001179791,-1.78601E-17,-1.58956E-16,-4.23517E-16,2.23646E-18,-8.55985E-18,5.94659E-18,-5.47982E-17,2.62456E-17,-2.1936E-17,5.24041E-17,-2.06066E-18,-1.87447E-16,-2.02095E-17,5.65555E-19,2.33244E-17,-1.41586E-16,-1.90822E-16,-1.92697E-16,-5.19252E-17,-8.24321E-17,-1.71905E-16,6.09729E-18,2.53786E-17,3.04544E-20,-6.08691E-17,-2.22979E-17,-1.34637E-16,7.90129E-17,1.9432E-16,1.22256E-16,-1.50618E-16,-3.16854E-18,1.50755E-16,-1240,0.007446872,1,FirmLevel
3/7/2024,Dipsea Capital Fund LP,SPXW 03/08/2024 PUT 4375,SPXW  240308P04375000,NOT AVAILABLE,NOT AVAILABLE,,-153,0.075,-410.33,OPTION PUTS,-1147.5,,SPXW  240308P04375000 Equity,SPXW  240308P04375000 Equity,282694,BBG000H4FSM0,March 24 Puts on SPX,S&P 500 INDEX,Index Option,Option,UNITED STATES,USD,1,Broad Market Index,Broad Market Index,4.49585E+13,700005699,100,5157.36,4375,0.001369,2024-03-08,0.0025,Put,BBG000H4FSM0 FIGI,SPX Index,0.075,1.447135463,-0.000969511,1.18515E-05,0.000611223,0.006245102,-0.934251431,4.49585E+13,Mega,0.000109285,76501.75909,76501.75909,78907608,1,7.95612E-05,0.001179791,-1.78601E-17,-1.58956E-16,-4.23517E-16,2.23646E-18,-8.55985E-18,5.94659E-18,-5.47982E-17,2.62456E-17,-2.1936E-17,5.24041E-17,-2.06066E-18,-1.87447E-16,-2.02095E-17,5.65555E-19,2.33244E-17,-1.41586E-16,-1.90822E-16,-1.92697E-16,-5.19252E-17,-8.24321E-17,-1.71905E-16,6.09729E-18,2.53786E-17,3.04544E-20,-6.08691E-17,-2.22979E-17,-1.34637E-16,7.90129E-17,1.9432E-16,1.22256E-16,-1.50618E-16,-3.16854E-18,1.50755E-16,-1147.5,0.007446872,1,FirmLevel
3/7/2024,Dipsea Capital Fund LP,SPXW 03/08/2024 PUT 4500,SPXW  240308P04500000,NOT AVAILABLE,NOT AVAILABLE,,-7,0.075,16.22,OPTION PUTS,-52.5,,SPXW  240308P04500000 Equity,SPXW  240308P04500000 Equity,282671,BBG000H4FSM0,March 24 Puts on SPX,S&P 500 INDEX,Index Option,Option,UNITED STATES,USD,1,Broad Market Index,Broad Market Index,4.49585E+13,700005699,100,5157.36,4500,0.001369,2024-03-08,0.0025,Put,BBG000H4FSM0 FIGI,SPX Index,0.075,1.216956051,-0.001141579,1.63711E-05,0.000844319,0.007254582,-0.914188242,4.49585E+13,Mega,4.99996E-06,4121.274516,4121.274516,3610152,1,7.95612E-05,0.001179791,-1.78601E-17,-1.58956E-16,-4.23517E-16,2.23646E-18,-8.55985E-18,5.94659E-18,-5.47982E-17,2.62456E-17,-2.1936E-17,5.24041E-17,-2.06066E-18,-1.87447E-16,-2.02095E-17,5.65555E-19,2.33244E-17,-1.41586E-16,-1.90822E-16,-1.92697E-16,-5.19252E-17,-8.24321E-17,-1.71905E-16,6.09729E-18,2.53786E-17,3.04544E-20,-6.08691E-17,-2.22979E-17,-1.34637E-16,7.90129E-17,1.9432E-16,1.22256E-16,-1.50618E-16,-3.16854E-18,1.50755E-16,-52.5,0.007446872,1,FirmLevel
3/7/2024,Dipsea Capital Fund LP,SPXW 03/08/2024 PUT 4750,SPXW  240308P04750000,NOT AVAILABLE,NOT AVAILABLE,,-75,0.1,-13.64,OPTION PUTS,-750,,SPXW  240308P04750000 Equity,SPXW  240308P04750000 Equity,282672,BBG000H4FSM0,March 24 Puts on SPX,S&P 500 INDEX,Index Option,Option,UNITED STATES,USD,1,Broad Market Index,Broad Market Index,4.49585E+13,700005699,100,5157.36,4750,0.001369,2024-03-08,0.0025,Put,BBG000H4FSM0 FIGI,SPX Index,0.1,0.78658278,-0.002242829,4.68669E-05,0.002417095,0.013423599,-1.088997018,4.49585E+13,Mega,5.3571E-05,86753.08126,86753.08126,38680200,1,7.95612E-05,0.001179791,-1.78601E-17,-1.58956E-16,-4.23517E-16,2.23646E-18,-8.55985E-18,5.94659E-18,-5.47982E-17,2.62456E-17,-2.1936E-17,5.24041E-17,-2.06066E-18,-1.87447E-16,-2.02095E-17,5.65555E-19,2.33244E-17,-1.41586E-16,-1.90822E-16,-1.92697E-16,-5.19252E-17,-8.24321E-17,-1.71905E-16,6.09729E-18,2.53786E-17,3.04544E-20,-6.08691E-17,-2.22979E-17,-1.34637E-16,7.90129E-17,1.9432E-16,1.22256E-16,-1.50618E-16,-3.16854E-18,1.50755E-16,-750,0.007446872,1,FirmLevel
3/7/2024,Dipsea Capital Fund LP,SPXW 03/08/2024 PUT 4780,SPXW  240308P04780000,NOT AVAILABLE,NOT AVAILABLE,,-19,0.1,-3.46,OPTION PUTS,-190,,SPXW  240308P04780000 Equity,SPXW  240308P04780000 Equity,282673,BBG000H4FSM0,March 24 Puts on SPX,S&P 500 INDEX,Index Option,Option,UNITED STATES,USD,1,Broad Market Index,Broad Market Index,4.49585E+13,700005699,100,5157.36,4780,0.001369,2024-03-08,0.0025,Put,BBG000H4FSM0 FIGI,SPX Index,0.1,0.731705086,-0.002398955,5.35474E-05,0.002761632,0.014267001,-1.077236019,4.49585E+13,Mega,1.35713E-05,23507.31711,23507.31711,9798984,1,7.95612E-05,0.001179791,-1.78601E-17,-1.58956E-16,-4.23517E-16,2.23646E-18,-8.55985E-18,5.94659E-18,-5.47982E-17,2.62456E-17,-2.1936E-17,5.24041E-17,-2.06066E-18,-1.87447E-16,-2.02095E-17,5.65555E-19,2.33244E-17,-1.41586E-16,-1.90822E-16,-1.92697E-16,-5.19252E-17,-8.24321E-17,-1.71905E-16,6.09729E-18,2.53786E-17,3.04544E-20,-6.08691E-17,-2.22979E-17,-1.34637E-16,7.90129E-17,1.9432E-16,1.22256E-16,-1.50618E-16,-3.16854E-18,1.50755E-16,-190,0.007446872,1,FirmLevel
3/7/2024,Dipsea Capital Fund LP,SPXW 03/08/2024 PUT 4800,SPXW  240308P04800000,NOT AVAILABLE,NOT AVAILABLE,,-1,0.125,-2.69,OPTION PUTS,-12.5,,SPXW  240308P04800000 Equity,SPXW  240308P04800000 Equity,282674,BBG000H4FSM0,March 24 Puts on SPX,S&P 500 INDEX,Index Option,Option,UNITED STATES,USD,1,Broad Market Index,Broad Market Index,4.49585E+13,700005699,100,5157.36,4800,0.001369,2024-03-08,0.0025,Put,BBG000H4FSM0 FIGI,SPX Index,0.125,0.710533919,-0.003028168,6.80495E-05,0.00350956,0.017606311,-1.284545497,4.49585E+13,Mega,7.1428E-07,1561.735156,1561.735156,515736,1,7.95612E-05,0.001179791,-1.78601E-17,-1.58956E-16,-4.23517E-16,2.23646E-18,-8.55985E-18,5.94659E-18,-5.47982E-17,2.62456E-17,-2.1936E-17,5.24041E-17,-2.06066E-18,-1.87447E-16,-2.02095E-17,5.65555E-19,2.33244E-17,-1.41586E-16,-1.90822E-16,-1.92697E-16,-5.19252E-17,-8.24321E-17,-1.71905E-16,6.09729E-18,2.53786E-17,3.04544E-20,-6.08691E-17,-2.22979E-17,-1.34637E-16,7.90129E-17,1.9432E-16,1.22256E-16,-1.50618E-16,-3.16854E-18,1.50755E-16,-12.5,0.007446872,1,FirmLevel
3/7/2024,Dipsea Capital Fund LP,SPXW 03/08/2024 PUT 4805,SPXW  240308P04805000,NOT AVAILABLE,NOT AVAILABLE,,-153,0.075,354.67,OPTION PUTS,-1147.5,,SPXW  240308P04805000 Equity,SPXW  240308P04805000 Equity,282699,BBG000H4FSM0,March 24 Puts on SPX,S&P 500 INDEX,Index Option,Option,UNITED STATES,USD,1,Broad Market Index,Broad Market Index,4.49585E+13,700005699,100,5157.36,4805,0.001369,2024-03-08,0.0025,Put,BBG000H4FSM0 FIGI,SPX Index,0.075,0.667541067,-0.002002967,4.98402E-05,0.002570439,0.012114799,-0.842061973,4.49585E+13,Mega,0.000109285,158049.3519,158049.3519,78907608,1,7.95612E-05,0.001179791,-1.78601E-17,-1.58956E-16,-4.23517E-16,2.23646E-18,-8.55985E-18,5.94659E-18,-5.47982E-17,2.62456E-17,-2.1936E-17,5.24041E-17,-2.06066E-18,-1.87447E-16,-2.02095E-17,5.65555E-19,2.33244E-17,-1.41586E-16,-1.90822E-16,-1.92697E-16,-5.19252E-17,-8.24321E-17,-1.71905E-16,6.09729E-18,2.53786E-17,3.04544E-20,-6.08691E-17,-2.22979E-17,-1.34637E-16,7.90129E-17,1.9432E-16,1.22256E-16,-1.50618E-16,-3.16854E-18,1.50755E-16,-1147.5,0.007446872,1,FirmLevel
3/7/2024,Dipsea Capital Fund LP,SPXW 03/08/2024 PUT 4850,SPXW  240308P04850000,NOT AVAILABLE,NOT AVAILABLE,,-153,0.125,-410.33,OPTION PUTS,-1912.5,,SPXW  240308P04850000 Equity,SPXW  240308P04850000 Equity,282675,BBG000H4FSM0,March 24 Puts on SPX,S&P 500 INDEX,Index Option,Option,UNITED STATES,USD,1,Broad Market Index,Broad Market Index,4.49585E+13,700005699,100,5157.36,4850,0.001369,2024-03-08,0.0025,Put,BBG000H4FSM0 FIGI,SPX Index,0.125,0.617331502,-0.003449229,8.80556E-05,0.004541346,0.019794018,-1.255813781,4.49585E+13,Mega,0.000109285,272170.4463,272170.4463,78907608,1,7.95612E-05,0.001179791,-1.78601E-17,-1.58956E-16,-4.23517E-16,2.23646E-18,-8.55985E-18,5.94659E-18,-5.47982E-17,2.62456E-17,-2.1936E-17,5.24041E-17,-2.06066E-18,-1.87447E-16,-2.02095E-17,5.65555E-19,2.33244E-17,-1.41586E-16,-1.90822E-16,-1.92697E-16,-5.19252E-17,-8.24321E-17,-1.71905E-16,6.09729E-18,2.53786E-17,3.04544E-20,-6.08691E-17,-2.22979E-17,-1.34637E-16,7.90129E-17,1.9432E-16,1.22256E-16,-1.50618E-16,-3.16854E-18,1.50755E-16,-1912.5,0.007446872,1,FirmLevel
3/7/2024,Dipsea Capital Fund LP,SPXW 03/08/2024 PUT 4875,SPXW  240308P04875000,NOT AVAILABLE,NOT AVAILABLE,,-78,0.125,-209.18,OPTION PUTS,-975,,SPXW  240308P04875000 Equity,SPXW  240308P04875000 Equity,282676,BBG000H4FSM0,March 24 Puts on SPX,S&P 500 INDEX,Index Option,Option,UNITED STATES,USD,1,Broad Market Index,Broad Market Index,4.49585E+13,700005699,100,5157.36,4875,0.001369,2024-03-08,0.0025,Put,BBG000H4FSM0 FIGI,SPX Index,0.125,0.570642134,-0.003709246,0.000101682,0.005244121,0.02112844,-1.239696291,4.49585E+13,Mega,5.57138E-05,149213.3554,149213.3554,40227408,1,7.95612E-05,0.001179791,-1.78601E-17,-1.58956E-16,-4.23517E-16,2.23646E-18,-8.55985E-18,5.94659E-18,-5.47982E-17,2.62456E-17,-2.1936E-17,5.24041E-17,-2.06066E-18,-1.87447E-16,-2.02095E-17,5.65555E-19,2.33244E-17,-1.41586E-16,-1.90822E-16,-1.92697E-16,-5.19252E-17,-8.24321E-17,-1.71905E-16,6.09729E-18,2.53786E-17,3.04544E-20,-6.08691E-17,-2.22979E-17,-1.34637E-16,7.90129E-17,1.9432E-16,1.22256E-16,-1.50618E-16,-3.16854E-18,1.50755E-16,-975,0.007446872,1,FirmLevel
3/7/2024,Dipsea Capital Fund LP,SPXW 03/08/2024 PUT 4995,SPXW  240308P04995000,NOT AVAILABLE,NOT AVAILABLE,,15,0.225,-40.23,OPTION PUTS,337.5,,SPXW  240308P04995000 Equity,SPXW  240308P04995000 Equity,282700,BBG000H4FSM0,March 24 Puts on SPX,S&P 500 INDEX,Index Option,Option,UNITED STATES,USD,1,Broad Market Index,Broad Market Index,4.49585E+13,700005699,100,5157.36,4995,0.001369,2024-03-08,0.0025,Put,BBG000H4FSM0 FIGI,SPX Index,0.225,0.369323345,-0.009439371,0.000359587,0.018545186,0.048358058,-1.820979082,4.49585E+13,Mega,1.07142E-05,-73023.35426,-73023.35426,-7736040,1,7.95612E-05,0.001179791,-1.78601E-17,-1.58956E-16,-4.23517E-16,2.23646E-18,-8.55985E-18,5.94659E-18,-5.47982E-17,2.62456E-17,-2.1936E-17,5.24041E-17,-2.06066E-18,-1.87447E-16,-2.02095E-17,5.65555E-19,2.33244E-17,-1.41586E-16,-1.90822E-16,-1.92697E-16,-5.19252E-17,-8.24321E-17,-1.71905E-16,6.09729E-18,2.53786E-17,3.04544E-20,-6.08691E-17,-2.22979E-17,-1.34637E-16,7.90129E-17,1.9432E-16,1.22256E-16,-1.50618E-16,-3.16854E-18,1.50755E-16,337.5,0.007446872,1,FirmLevel
3/7/2024,Dipsea Capital Fund LP,SPXW 03/08/2024 PUT 5000,SPXW  240308P05000000,NOT AVAILABLE,NOT AVAILABLE,,15,0.275,34.77,OPTION PUTS,412.5,,SPXW  240308P05000000 Equity,SPXW  240308P05000000 Equity,282677,BBG000H4FSM0,March 24 Puts on SPX,S&P 500 INDEX,Index Option,Option,UNITED STATES,USD,1,Broad Market Index,Broad Market Index,4.49585E+13,700005699,100,5157.36,5000,0.001369,2024-03-08,0.0025,Put,BBG000H4FSM0 FIGI,SPX Index,0.275,0.368616278,-0.011332424,0.000422514,0.021790574,0.056711884,-2.125654461,4.49585E+13,Mega,1.07142E-05,-87668.08531,-87668.08531,-7736040,1,7.95612E-05,0.001179791,-1.78601E-17,-1.58956E-16,-4.23517E-16,2.23646E-18,-8.55985E-18,5.94659E-18,-5.47982E-17,2.62456E-17,-2.1936E-17,5.24041E-17,-2.06066E-18,-1.87447E-16,-2.02095E-17,5.65555E-19,2.33244E-17,-1.41586E-16,-1.90822E-16,-1.92697E-16,-5.19252E-17,-8.24321E-17,-1.71905E-16,6.09729E-18,2.53786E-17,3.04544E-20,-6.08691E-17,-2.22979E-17,-1.34637E-16,7.90129E-17,1.9432E-16,1.22256E-16,-1.50618E-16,-3.16854E-18,1.50755E-16,412.5,0.007446872,1,FirmLevel
3/7/2024,Dipsea Capital Fund LP,SPXW 03/08/2024 PUT 5005,SPXW  240308P05005000,NOT AVAILABLE,NOT AVAILABLE,,3,0.275,6.95,OPTION PUTS,82.5,,SPXW  240308P05005000 Equity,SPXW  240308P05005000 Equity,282701,BBG000H4FSM0,March 24 Puts on SPX,S&P 500 INDEX,Index Option,Option,UNITED STATES,USD,1,Broad Market Index,Broad Market Index,4.49585E+13,700005699,100,5157.36,5005,0.001369,2024-03-08,0.0025,Put,BBG000H4FSM0 FIGI,SPX Index,0.275,0.358250613,-0.011628503,0.000444588,0.022929023,0.057996714,-2.11291367,4.49585E+13,Mega,2.14284E-06,-17991.71339,-17991.71339,-1547208,1,7.95612E-05,0.001179791,-1.78601E-17,-1.58956E-16,-4.23517E-16,2.23646E-18,-8.55985E-18,5.94659E-18,-5.47982E-17,2.62456E-17,-2.1936E-17,5.24041E-17,-2.06066E-18,-1.87447E-16,-2.02095E-17,5.65555E-19,2.33244E-17,-1.41586E-16,-1.90822E-16,-1.92697E-16,-5.19252E-17,-8.24321E-17,-1.71905E-16,6.09729E-18,2.53786E-17,3.04544E-20,-6.08691E-17,-2.22979E-17,-1.34637E-16,7.90129E-17,1.9432E-16,1.22256E-16,-1.50618E-16,-3.16854E-18,1.50755E-16,82.5,0.007446872,1,FirmLevel
3/7/2024,Dipsea Capital Fund LP,SPXW 03/08/2024 PUT 5010,SPXW  240308P05010000,NOT AVAILABLE,NOT AVAILABLE,,1,0.275,2.31,OPTION PUTS,27.5,,SPXW  240308P05010000 Equity,SPXW  240308P05010000 Equity,282695,BBG000H4FSM0,March 24 Puts on SPX,S&P 500 INDEX,Index Option,Option,UNITED STATES,USD,1,Broad Market Index,Broad Market Index,4.49585E+13,700005699,100,5157.36,5010,0.001369,2024-03-08,0.0025,Put,BBG000H4FSM0 FIGI,SPX Index,0.275,0.347860536,-0.011941861,0.000468556,0.024165097,0.05935053,-2.099763446,4.49585E+13,Mega,7.1428E-07,-6158.847735,-6158.847735,-515736,1,7.95612E-05,0.001179791,-1.78601E-17,-1.58956E-16,-4.23517E-16,2.23646E-18,-8.55985E-18,5.94659E-18,-5.47982E-17,2.62456E-17,-2.1936E-17,5.24041E-17,-2.06066E-18,-1.87447E-16,-2.02095E-17,5.65555E-19,2.33244E-17,-1.41586E-16,-1.90822E-16,-1.92697E-16,-5.19252E-17,-8.24321E-17,-1.71905E-16,6.09729E-18,2.53786E-17,3.04544E-20,-6.08691E-17,-2.22979E-17,-1.34637E-16,7.90129E-17,1.9432E-16,1.22256E-16,-1.50618E-16,-3.16854E-18,1.50755E-16,27.5,0.007446872,1,FirmLevel
3/7/2024,Dipsea Capital Fund LP,SPXW 03/08/2024 PUT 5015,SPXW  240308P05015000,NOT AVAILABLE,NOT AVAILABLE,,31,0.325,226.86,OPTION PUTS,1007.5,,SPXW  240308P05015000 Equity,SPXW  240308P05015000 Equity,282702,BBG000H4FSM0,March 24 Puts on SPX,S&P 500 INDEX,Index Option,Option,UNITED STATES,USD,1,Broad Market Index,Broad Market Index,4.49585E+13,700005699,100,5157.36,5015,0.001369,2024-03-08,0.0025,Put,BBG000H4FSM0 FIGI,SPX Index,0.325,0.345214685,-0.013970463,0.000540754,0.02788861,0.067974658,-2.381917782,4.49585E+13,Mega,2.21427E-05,-223357.1947,-223357.1947,-15987816,1,7.95612E-05,0.001179791,-1.78601E-17,-1.58956E-16,-4.23517E-16,2.23646E-18,-8.55985E-18,5.94659E-18,-5.47982E-17,2.62456E-17,-2.1936E-17,5.24041E-17,-2.06066E-18,-1.87447E-16,-2.02095E-17,5.65555E-19,2.33244E-17,-1.41586E-16,-1.90822E-16,-1.92697E-16,-5.19252E-17,-8.24321E-17,-1.71905E-16,6.09729E-18,2.53786E-17,3.04544E-20,-6.08691E-17,-2.22979E-17,-1.34637E-16,7.90129E-17,1.9432E-16,1.22256E-16,-1.50618E-16,-3.16854E-18,1.50755E-16,1007.5,0.007446872,1,FirmLevel
3/7/2024,Dipsea Capital Fund LP,SPXW 03/08/2024 PUT 5050,SPXW  240308P05050000,NOT AVAILABLE,NOT AVAILABLE,,35,0.525,-55.02,OPTION PUTS,1837.5,,SPXW  240308P05050000 Equity,SPXW  240308P05050000 Equity,282678,BBG000H4FSM0,March 24 Puts on SPX,S&P 500 INDEX,Index Option,Option,UNITED STATES,USD,1,Broad Market Index,Broad Market Index,4.49585E+13,700005699,100,5157.36,5050,0.001369,2024-03-08,0.0025,Put,BBG000H4FSM0 FIGI,SPX Index,0.525,0.290810062,-0.024952618,0.001051522,0.054230793,0.111348989,-3.273885836,4.49585E+13,Mega,2.49998E-05,-450413.7112,-450413.7112,-18050760,1,7.95612E-05,0.001179791,-1.78601E-17,-1.58956E-16,-4.23517E-16,2.23646E-18,-8.55985E-18,5.94659E-18,-5.47982E-17,2.62456E-17,-2.1936E-17,5.24041E-17,-2.06066E-18,-1.87447E-16,-2.02095E-17,5.65555E-19,2.33244E-17,-1.41586E-16,-1.90822E-16,-1.92697E-16,-5.19252E-17,-8.24321E-17,-1.71905E-16,6.09729E-18,2.53786E-17,3.04544E-20,-6.08691E-17,-2.22979E-17,-1.34637E-16,7.90129E-17,1.9432E-16,1.22256E-16,-1.50618E-16,-3.16854E-18,1.50755E-16,1837.5,0.007446872,1,FirmLevel
3/7/2024,Dipsea Capital Fund LP,TRIP 03/08/2024 CALL 29,TRIP  240308C00029000,US8969452015,896945201,,-15,0.025,187.5,OPTION CALLS,-37.5,,TRIP  240308C00029000 Equity,TRIP  240308C00029000 Equity,282491,BBG001M8HHB7,March 24 Calls on TRIP US,TRIPADVISOR INC,Equity Option,Option,UNITED STATES,USD,1,Communication Services,Interactive Media & Services,3629520000,3226305.059,100,26.32,29,0.001369,2024-03-08,0.0025,Call,BBG001M8HHB7 FIGI,S5TELS Index,0.025,1.500314672,0.042810441,0.062316802,0.016401782,0.000886671,-0.133120028,3629520000,Mid,0.002324641,-1690.156192,-2152.771616,-39480,1.273711641,-0.556144672,-0.656044495,-0.231949627,-0.971874842,-0.964642221,-0.047893713,-0.504804403,-0.178122087,0.443455721,0.663328093,-0.300219445,3.049849908,-0.561572306,0.497268561,0.205677778,0.066096158,1.162495253,-0.047236714,0.852566107,-0.850634312,0.44370355,0.341629514,0.084923214,-0.104955552,1.010321945,0.271270397,0.021735368,5.781780647,-2.857640367,2.168059343,-2.633243141,-0.991300349,-0.080666985,-0.127731272,6.997687312,-37.5,0.028846373,0.328124888,FirmLevel
3/7/2024,Dipsea Capital Fund LP,TRIP 03/15/2024 CALL 29,TRIP  240315C00029000,US8969452015,896945201,,15,0.15,-375,OPTION CALLS,225,,TRIP  240315C00029000 Equity,TRIP  240315C00029000 Equity,282486,BBG001M8HHB7,March 24 Calls on TRIP US,TRIPADVISOR INC,Equity Option,Option,UNITED STATES,USD,1,Communication Services,Interactive Media & Services,3629520000,3226305.059,100,26.32,29,0.019178,2024-03-15,0.0025,Call,BBG001M8HHB7 FIGI,S5TELS Index,0.15,0.615488353,0.1368788,0.097701028,0.02571491,0.00798903,-0.035146334,3629520000,Mid,0.002324641,5403.975012,6883.105879,39480,1.273711641,-0.556144672,-0.656044495,-0.231949627,-0.971874842,-0.964642221,-0.047893713,-0.504804403,-0.178122087,0.443455721,0.663328093,-0.300219445,3.049849908,-0.561572306,0.497268561,0.205677778,0.066096158,1.162495253,-0.047236714,0.852566107,-0.850634312,0.44370355,0.341629514,0.084923214,-0.104955552,1.010321945,0.271270397,0.021735368,5.781780647,-2.857640367,2.168059343,-2.633243141,-0.991300349,-0.080666985,-0.127731272,6.997687312,225,0.028846373,0.328124888,FirmLevel
3/7/2024,Dipsea Capital Fund LP,TSLA 03/08/2024 CALL 190,TSLA  240308C00190000,US88160R1014,88160R101,,7,0.095,-123.78,OPTION CALLS,66.5,,TSLA  240308C00190000 Equity,TSLA  240308C00190000 Equity,282679,BBG000N9MNX3,March 24 Calls on TSLA US,TESLA INC,Equity Option,Option,UNITED STATES,USD,1,Consumer Discretionary,Automobiles,5.68963E+11,103961523.2,100,178.65,190,0.001369,2024-03-08,0.0025,Call,BBG000N9MNX3 FIGI,S5COND Index,0.095,0.933975641,0.038777775,0.013610365,0.024314918,0.005554114,-0.519114568,5.68963E+11,Mega,3.36663E-05,4849.354629,8535.95814,125055,1.760225596,-0.584462162,-0.069273576,0.622292259,0.016698373,-1.164255184,-0.011219742,-0.343296778,0.01884418,0.826955985,0.354509068,-1.144634405,3.316598992,0.5207235,2.861616039,-0.276259713,-0.180135588,0.342618002,0.455337121,-0.220942928,-0.717107607,0.533846655,0.455280133,-0.595341309,-0.165421809,0.535054415,0.396238747,0.164485059,0.775501668,-2.312731839,5.814469358,-1.107972556,-0.64709068,-0.112126146,-0.165601968,10.07928491,66.5,0.027614761,0.473538879,FirmLevel
3/7/2024,Dipsea Capital Fund LP,TSLA 03/08/2024 CALL 197.5,TSLA  240308C00197500,US88160R1014,88160R101,,7,0.035,-35,OPTION CALLS,24.5,,TSLA  240308C00197500 Equity,TSLA  240308C00197500 Equity,282535,BBG000N9MNX3,March 24 Calls on TSLA US,TESLA INC,Equity Option,Option,UNITED STATES,USD,1,Consumer Discretionary,Automobiles,5.68963E+11,103961523.2,100,178.65,197.5,0.001369,2024-03-08,0.0025,Call,BBG000N9MNX3 FIGI,S5COND Index,0.035,1.202820585,0.012820464,0.004160023,0.007431882,0.002186282,-0.263151678,5.68963E+11,Mega,3.36663E-05,1603.26318,2822.104886,125055,1.760225596,-0.584462162,-0.069273576,0.622292259,0.016698373,-1.164255184,-0.011219742,-0.343296778,0.01884418,0.826955985,0.354509068,-1.144634405,3.316598992,0.5207235,2.861616039,-0.276259713,-0.180135588,0.342618002,0.455337121,-0.220942928,-0.717107607,0.533846655,0.455280133,-0.595341309,-0.165421809,0.535054415,0.396238747,0.164485059,0.775501668,-2.312731839,5.814469358,-1.107972556,-0.64709068,-0.112126146,-0.165601968,10.07928491,24.5,0.027614761,0.473538879,FirmLevel
3/7/2024,Dipsea Capital Fund LP,TSLA 03/08/2024 CALL 200,TSLA  240308C00200000,US88160R1014,88160R101,,5,0.035,6.59,OPTION CALLS,17.5,,TSLA  240308C00200000 Equity,TSLA  240308C00200000 Equity,282680,BBG000N9MNX3,March 24 Calls on TSLA US,TESLA INC,Equity Option,Option,UNITED STATES,USD,1,Consumer Discretionary,Automobiles,5.68963E+11,103961523.2,100,178.65,200,0.001369,2024-03-08,0.0025,Call,BBG000N9MNX3 FIGI,S5COND Index,0.035,1.331693907,0.011713531,0.003474655,0.006207471,0.002021741,-0.269417883,5.68963E+11,Mega,2.40474E-05,1046.311195,1841.743747,89325,1.760225596,-0.584462162,-0.069273576,0.622292259,0.016698373,-1.164255184,-0.011219742,-0.343296778,0.01884418,0.826955985,0.354509068,-1.144634405,3.316598992,0.5207235,2.861616039,-0.276259713,-0.180135588,0.342618002,0.455337121,-0.220942928,-0.717107607,0.533846655,0.455280133,-0.595341309,-0.165421809,0.535054415,0.396238747,0.164485059,0.775501668,-2.312731839,5.814469358,-1.107972556,-0.64709068,-0.112126146,-0.165601968,10.07928491,17.5,0.027614761,0.473538879,FirmLevel
3/7/2024,Dipsea Capital Fund LP,TSLA 03/08/2024 CALL 205,TSLA  240308C00205000,US88160R1014,88160R101,,7,0.03,-17.5,OPTION CALLS,21,,TSLA  240308C00205000 Equity,TSLA  240308C00205000 Equity,282096,BBG000N9MNX3,March 24 Calls on TSLA US,TESLA INC,Equity Option,Option,UNITED STATES,USD,1,Consumer Discretionary,Automobiles,5.68963E+11,103961523.2,100,178.65,205,0.001369,2024-03-08,0.0025,Call,BBG000N9MNX3 FIGI,S5COND Index,0.03,1.550345586,0.008901207,0.002349032,0.004196545,0.001591208,-0.246858383,5.68963E+11,Mega,3.36663E-05,1113.140381,1959.37819,125055,1.760225596,-0.584462162,-0.069273576,0.622292259,0.016698373,-1.164255184,-0.011219742,-0.343296778,0.01884418,0.826955985,0.354509068,-1.144634405,3.316598992,0.5207235,2.861616039,-0.276259713,-0.180135588,0.342618002,0.455337121,-0.220942928,-0.717107607,0.533846655,0.455280133,-0.595341309,-0.165421809,0.535054415,0.396238747,0.164485059,0.775501668,-2.312731839,5.814469358,-1.107972556,-0.64709068,-0.112126146,-0.165601968,10.07928491,21,0.027614761,0.473538879,FirmLevel
3/7/2024,Dipsea Capital Fund LP,TSLA 03/08/2024 CALL 207.5,TSLA  240308C00207500,US88160R1014,88160R101,,-38,0.03,114,OPTION CALLS,-114,,TSLA  240308C00207500 Equity,TSLA  240308C00207500 Equity,282131,BBG000N9MNX3,March 24 Calls on TSLA US,TESLA INC,Equity Option,Option,UNITED STATES,USD,1,Consumer Discretionary,Automobiles,5.68963E+11,103961523.2,100,178.65,207.5,0.001369,2024-03-08,0.0025,Call,BBG000N9MNX3 FIGI,S5COND Index,0.03,1.668635805,0.008336913,0.002060661,0.00368137,0.001502372,-0.250859227,5.68963E+11,Mega,0.00018276,-5659.680467,-9962.31442,-678870,1.760225596,-0.584462162,-0.069273576,0.622292259,0.016698373,-1.164255184,-0.011219742,-0.343296778,0.01884418,0.826955985,0.354509068,-1.144634405,3.316598992,0.5207235,2.861616039,-0.276259713,-0.180135588,0.342618002,0.455337121,-0.220942928,-0.717107607,0.533846655,0.455280133,-0.595341309,-0.165421809,0.535054415,0.396238747,0.164485059,0.775501668,-2.312731839,5.814469358,-1.107972556,-0.64709068,-0.112126146,-0.165601968,10.07928491,-114,0.027614761,0.473538879,FirmLevel
3/7/2024,Dipsea Capital Fund LP,TSLA 03/08/2024 CALL 215,TSLA  240308C00215000,US88160R1014,88160R101,,-8,0.02,16,OPTION CALLS,-16,,TSLA  240308C00215000 Equity,TSLA  240308C00215000 Equity,282492,BBG000N9MNX3,March 24 Calls on TSLA US,TESLA INC,Equity Option,Option,UNITED STATES,USD,1,Consumer Discretionary,Automobiles,5.68963E+11,103961523.2,100,178.65,215,0.001369,2024-03-08,0.0025,Call,BBG000N9MNX3 FIGI,S5COND Index,0.02,1.920862152,0.005079635,0.00115497,0.002063354,0.000969341,-0.186320441,5.68963E+11,Mega,3.84758E-05,-725.9813742,-1277.890997,-142920,1.760225596,-0.584462162,-0.069273576,0.622292259,0.016698373,-1.164255184,-0.011219742,-0.343296778,0.01884418,0.826955985,0.354509068,-1.144634405,3.316598992,0.5207235,2.861616039,-0.276259713,-0.180135588,0.342618002,0.455337121,-0.220942928,-0.717107607,0.533846655,0.455280133,-0.595341309,-0.165421809,0.535054415,0.396238747,0.164485059,0.775501668,-2.312731839,5.814469358,-1.107972556,-0.64709068,-0.112126146,-0.165601968,10.07928491,-16,0.027614761,0.473538879,FirmLevel
3/7/2024,Dipsea Capital Fund LP,TSLA 03/08/2024 CALL 220,TSLA  240308C00220000,US88160R1014,88160R101,,-267,0.015,534,OPTION CALLS,-400.5,,TSLA  240308C00220000 Equity,TSLA  240308C00220000 Equity,282097,BBG000N9MNX3,March 24 Calls on TSLA US,TESLA INC,Equity Option,Option,UNITED STATES,USD,1,Consumer Discretionary,Automobiles,5.68963E+11,103961523.2,100,178.65,220,0.001369,2024-03-08,0.0025,Call,BBG000N9MNX3 FIGI,S5COND Index,0.015,2.067932509,0.003650723,0.000798548,0.001426606,0.000721518,-0.149303398,5.68963E+11,Mega,0.001284129,-17413.78663,-30652.19294,-4769955,1.760225596,-0.584462162,-0.069273576,0.622292259,0.016698373,-1.164255184,-0.011219742,-0.343296778,0.01884418,0.826955985,0.354509068,-1.144634405,3.316598992,0.5207235,2.861616039,-0.276259713,-0.180135588,0.342618002,0.455337121,-0.220942928,-0.717107607,0.533846655,0.455280133,-0.595341309,-0.165421809,0.535054415,0.396238747,0.164485059,0.775501668,-2.312731839,5.814469358,-1.107972556,-0.64709068,-0.112126146,-0.165601968,10.07928491,-400.5,0.027614761,0.473538879,FirmLevel
3/7/2024,Dipsea Capital Fund LP,TSLA 03/08/2024 CALL 222.5,TSLA  240308C00222500,US88160R1014,88160R101,,-191,0.01,382,OPTION CALLS,-191,,TSLA  240308C00222500 Equity,TSLA  240308C00222500 Equity,282132,BBG000N9MNX3,March 24 Calls on TSLA US,TESLA INC,Equity Option,Option,UNITED STATES,USD,1,Consumer Discretionary,Automobiles,5.68963E+11,103961523.2,100,178.65,222.5,0.001369,2024-03-08,0.0025,Call,BBG000N9MNX3 FIGI,S5COND Index,0.01,2.084183166,0.002494172,0.000562153,0.001004286,0.000511917,-0.106763223,5.68963E+11,Mega,0.000918609,-8510.652231,-14980.66789,-3412215,1.760225596,-0.584462162,-0.069273576,0.622292259,0.016698373,-1.164255184,-0.011219742,-0.343296778,0.01884418,0.826955985,0.354509068,-1.144634405,3.316598992,0.5207235,2.861616039,-0.276259713,-0.180135588,0.342618002,0.455337121,-0.220942928,-0.717107607,0.533846655,0.455280133,-0.595341309,-0.165421809,0.535054415,0.396238747,0.164485059,0.775501668,-2.312731839,5.814469358,-1.107972556,-0.64709068,-0.112126146,-0.165601968,10.07928491,-191,0.027614761,0.473538879,FirmLevel
3/7/2024,Dipsea Capital Fund LP,UVXY 03/08/2024 CALL 8,UVXY  240308C00008000,US74347Y7711,74347Y771,,17,0.025,-42.5,OPTION CALLS,42.5,,UVXY  240308C00008000 Equity,UVXY  240308C00008000 Equity,282334,BBG0024QY1Y6,March 24 Calls on UVXY US,PROSHARES ULTRA VIX ST FUTUR,Equity Option,Option,UNITED STATES,USD,1,Broad Market Index,Broad Market Index,268680000,23229409.56,100,7.16,8,0.001369,2024-03-08,0.0025,Call,BBG0024QY1Y6 FIGI,SPX Index,0.025,2.211424716,0.094288246,0.286906147,0.02054248,0.000445289,-0.098538735,268680000,Small,0.000365915,1147.676525,-5215.714425,12172,-4.544585788,-0.106479341,0.210457537,0.058258867,-0.679407698,1.234524978,0.504658235,1.279830587,0.767442733,-0.497212945,-0.181981085,-0.600317396,0.890341767,0.521925617,-0.634341226,-0.161406327,0.529226619,-1.0682466,-1.147756103,-1.500422398,0.614378414,-0.040297874,-0.112846358,0.2450642,0.226172614,-0.606207572,-0.071405724,-0.031187364,0.476711436,0.653722436,0.944981922,0.533070271,0.342945939,-0.094959718,0.253423807,-6.38103225,42.5,0.049323989,-0.684954298,FirmLevel
3/7/2024,Dipsea Capital Fund LP,UVXY 03/08/2024 CALL 8.5,UVXY  240308C00008500,US74347Y7711,74347Y771,,78,0.015,-195,OPTION CALLS,117,,UVXY  240308C00008500 Equity,UVXY  240308C00008500 Equity,282335,BBG0024QY1Y6,March 24 Calls on UVXY US,PROSHARES ULTRA VIX ST FUTUR,Equity Option,Option,UNITED STATES,USD,1,Broad Market Index,Broad Market Index,268680000,23229409.56,100,7.16,8.5,0.001369,2024-03-08,0.0025,Call,BBG0024QY1Y6 FIGI,SPX Index,0.015,2.749850755,0.050999218,0.143823973,0.010297796,0.000277568,-0.076377661,268680000,Small,0.001678906,2848.204326,-12943.9089,55848,-4.544585788,-0.106479341,0.210457537,0.058258867,-0.679407698,1.234524978,0.504658235,1.279830587,0.767442733,-0.497212945,-0.181981085,-0.600317396,0.890341767,0.521925617,-0.634341226,-0.161406327,0.529226619,-1.0682466,-1.147756103,-1.500422398,0.614378414,-0.040297874,-0.112846358,0.2450642,0.226172614,-0.606207572,-0.071405724,-0.031187364,0.476711436,0.653722436,0.944981922,0.533070271,0.342945939,-0.094959718,0.253423807,-6.38103225,117,0.049323989,-0.684954298,FirmLevel
3/7/2024,Dipsea Capital Fund LP,VIX 05/22/2024 CALL 22,VIX   240522C00022000,NOT AVAILABLE,NOT AVAILABLE,,30,1.025,60,OPTION CALLS,3075,,VIX   240522C00022000 Equity,VIX   240522C00022000 Equity,280759,BBG000JW9B77,May 24 Calls on VIX,CBOE SPX VOLATILITY INDX,Index Option,Option,UNITED STATES,USD,1,Broad Market Index,Broad Market Index,,,100,14.44,22,0.205479,2024-05-22,0.0025,Call,BBG000JW9B77 FIGI,SPX Index,1.025,1.124695113,0.284359536,0.046066827,0.00665205,0.022198567,-0.016665554,0,Misc,0,12318.45511,-61485.47317,43320,-4.991329889,-0.215970561,-0.43364106,-0.469274343,-0.898216389,0.466213751,0.418977649,1.071022103,0.683565313,-0.561126816,-0.391752395,-0.653142936,1.078460378,0.043516089,-1.198686623,0.365808193,0.668291227,-0.184029073,0.18598554,-0.596345453,-0.345169145,-0.024103384,-0.066882815,0.323600052,0.219272476,-0.264998034,0.028676451,-0.822486617,1.659288365,0.078579639,-0.022724424,2.765616225,-0.551508014,-0.434845159,0.048932144,40.27037533,3075,0.050092445,-0.743173292,FirmLevel
3/7/2024,Dipsea Capital Fund LP,VIX 05/22/2024 CALL 24,VIX   240522C00024000,NOT AVAILABLE,NOT AVAILABLE,,15,0.84,-7.5,OPTION CALLS,1260,,VIX   240522C00024000 Equity,VIX   240522C00024000 Equity,276282,BBG000JW9B77,May 24 Calls on VIX,CBOE SPX VOLATILITY INDX,Index Option,Option,UNITED STATES,USD,1,Broad Market Index,Broad Market Index,,,100,14.44,24,0.205479,2024-05-22,0.0025,Call,BBG000JW9B77 FIGI,SPX Index,0.84,1.154034088,0.239270726,0.041085856,0.005932798,0.020314812,-0.01564727,0,Misc,0,5182.603923,-25868.08586,21660,-4.991329889,-0.215970561,-0.43364106,-0.469274343,-0.898216389,0.466213751,0.418977649,1.071022103,0.683565313,-0.561126816,-0.391752395,-0.653142936,1.078460378,0.043516089,-1.198686623,0.365808193,0.668291227,-0.184029073,0.18598554,-0.596345453,-0.345169145,-0.024103384,-0.066882815,0.323600052,0.219272476,-0.264998034,0.028676451,-0.822486617,1.659288365,0.078579639,-0.022724424,2.765616225,-0.551508014,-0.434845159,0.048932144,40.27037533,1260,0.050092445,-0.743173292,FirmLevel
3/7/2024,Dipsea Capital Fund LP,VIX 05/22/2024 CALL 25,VIX   240522C00025000,NOT AVAILABLE,NOT AVAILABLE,,30,0.77,-15,OPTION CALLS,2310,,VIX   240522C00025000 Equity,VIX   240522C00025000 Equity,274246,BBG000JW9B77,May 24 Calls on VIX,CBOE SPX VOLATILITY INDX,Index Option,Option,UNITED STATES,USD,1,Broad Market Index,Broad Market Index,,,100,14.44,25,0.205479,2024-05-22,0.0025,Call,BBG000JW9B77 FIGI,SPX Index,0.77,1.170538642,0.221194624,0.038764997,0.005597665,0.019441391,-0.015187903,0,Misc,0,9582.151128,-47827.67732,43320,-4.991329889,-0.215970561,-0.43364106,-0.469274343,-0.898216389,0.466213751,0.418977649,1.071022103,0.683565313,-0.561126816,-0.391752395,-0.653142936,1.078460378,0.043516089,-1.198686623,0.365808193,0.668291227,-0.184029073,0.18598554,-0.596345453,-0.345169145,-0.024103384,-0.066882815,0.323600052,0.219272476,-0.264998034,0.028676451,-0.822486617,1.659288365,0.078579639,-0.022724424,2.765616225,-0.551508014,-0.434845159,0.048932144,40.27037533,2310,0.050092445,-0.743173292,FirmLevel
3/7/2024,Dipsea Capital Fund LP,CRWD 03/08/2024 PUT 295,CRWD  240308P00295000,US22788C1053,22788C105,,1,0.05,-8.5,OPTION PUTS,5,,CRWD  240308P00295000 Equity,CRWD  240308P00295000 Equity,282333,BBG00BLYKS03,March 24 Puts on CRWD US,CROWDSTRIKE HOLDINGS INC - A,Equity Option,Option,UNITED STATES,USD,1,Information Technology,Software,79739260000,4494588.677,100,329.68,295,0.001369,2024-03-08,0.0025,Put,BBG00BLYKS03 FIGI,S5INFT Index,0.05,1.28975587,-0.009310392,0.001591516,0.005246911,0.003054269,-0.396173634,79739260000,Large,0.000111245,-306.9450069,-534.399861,-32968,1.741028031,0.129260387,0.939054085,0.170915002,0.717572497,1.616381855,0.062804054,-0.302034915,0.094681165,0.062355095,-0.02598202,0.360603549,0.360961723,0.077672617,-0.012649615,-0.852975081,-0.479011063,-0.707680356,-0.385020626,-0.182494593,1.32203492,-0.737178451,-0.278208537,-0.234476018,-0.50479381,-0.014786046,-0.017831743,1.053007152,-2.638567679,-0.686291561,0.300842457,-1.167248485,0.863748073,0.219147783,0.525263862,10.84027204,5,0.025274517,0.511657715,FirmLevel
3/7/2024,Dipsea Capital Fund LP,AVGO 03/08/2024 CALL 1460,AVGO  240308C01460000,US11135F1012,11135F101,,3,44.4,309.05,OPTION CALLS,13320,,AVGO  240308C01460000 Equity,AVGO  240308C01460000 Equity,282681,BBG00KHY5S69,March 24 Calls on AVGO US,BROADCOM INC,Equity Option,Option,UNITED STATES,USD,1,Information Technology,Semiconductors & Semiconductor,6.52038E+11,2674570,100,1407.01,1460,0.001369,2024-03-08,0.0025,Call,BBG00KHY5S69 FIGI,S5INFT Index,44.4,3.197686278,0.40002491,0.002320838,0.032654425,0.201130774,-64.35940674,6.52038E+11,Mega,0.000560838,168851.7146,317735.6184,422103,1.881743511,0.409313113,0.858234012,-0.726025241,-1.232653589,1.848692704,0.076985431,-0.328052226,0.149525101,-0.045754594,0.089781628,0.443967747,-1.21237429,-0.586176152,-0.015932054,-0.708374916,-0.11700026,-1.215685313,-0.894104925,-0.657530898,1.439697741,-0.788384408,-0.415456372,-0.098901196,-0.551982537,-0.44590711,-0.198929452,0.899019822,-2.058473972,2.836418954,-1.412313299,-3.070197246,0.352783343,0.29088384,0.81255883,-10.33065762,13320,0.021145572,0.663629792,FirmLevel
3/7/2024,Dipsea Capital Fund LP,AVGO 03/08/2024 CALL 1520,AVGO  240308C01520000,US11135F1012,11135F101,,-7,26.65,92.35,OPTION CALLS,-18655,,AVGO  240308C01520000 Equity,AVGO  240308C01520000 Equity,282682,BBG00KHY5S69,March 24 Calls on AVGO US,BROADCOM INC,Equity Option,Option,UNITED STATES,USD,1,Information Technology,Semiconductors & Semiconductor,6.52038E+11,2674570,100,1407.01,1520,0.001369,2024-03-08,0.0025,Call,BBG00KHY5S69 FIGI,S5INFT Index,26.65,3.193033796,0.276016253,0.002010968,0.02829452,0.17402293,-55.60361569,6.52038E+11,Mega,0.001308622,-271850.3399,-511552.6131,-984907,1.881743511,0.409313113,0.858234012,-0.726025241,-1.232653589,1.848692704,0.076985431,-0.328052226,0.149525101,-0.045754594,0.089781628,0.443967747,-1.21237429,-0.586176152,-0.015932054,-0.708374916,-0.11700026,-1.215685313,-0.894104925,-0.657530898,1.439697741,-0.788384408,-0.415456372,-0.098901196,-0.551982537,-0.44590711,-0.198929452,0.899019822,-2.058473972,2.836418954,-1.412313299,-3.070197246,0.352783343,0.29088384,0.81255883,-10.33065762,-18655,0.021145572,0.663629792,FirmLevel
3/7/2024,Dipsea Capital Fund LP,AVGO 03/08/2024 CALL 1580,AVGO  240308C01580000,US11135F1012,11135F101,,3,14.7,-300.55,OPTION CALLS,4410,,AVGO  240308C01580000 Equity,AVGO  240308C01580000 Equity,282683,BBG00KHY5S69,March 24 Calls on AVGO US,BROADCOM INC,Equity Option,Option,UNITED STATES,USD,1,Information Technology,Semiconductors & Semiconductor,6.52038E+11,2674570,100,1407.01,1580,0.001369,2024-03-08,0.0025,Call,BBG00KHY5S69 FIGI,S5INFT Index,14.7,3.157168256,0.175094061,0.001568891,0.022074448,0.134241939,-42.41074342,6.52038E+11,Mega,0.000560838,73907.72846,139075.3885,422103,1.881743511,0.409313113,0.858234012,-0.726025241,-1.232653589,1.848692704,0.076985431,-0.328052226,0.149525101,-0.045754594,0.089781628,0.443967747,-1.21237429,-0.586176152,-0.015932054,-0.708374916,-0.11700026,-1.215685313,-0.894104925,-0.657530898,1.439697741,-0.788384408,-0.415456372,-0.098901196,-0.551982537,-0.44590711,-0.198929452,0.899019822,-2.058473972,2.836418954,-1.412313299,-3.070197246,0.352783343,0.29088384,0.81255883,-10.33065762,4410,0.021145572,0.663629792,FirmLevel
3/7/2024,Dipsea Capital Fund LP,FSR 03/08/2024 CALL 0.5,FSR   240308C00000500,US33813J1060,33813J106,,77,0.005,-77,OPTION CALLS,38.5,,FSR   240308C00000500 Equity,FSR   240308C00000500 Equity,281316,BBG00LPWLFD4,March 24 Calls on FSR US,FISKER INC,Equity Option,Option,UNITED STATES,USD,1,Consumer Discretionary,Automobiles,213850000,163945759,100,0.3996,0.5,0.001369,2024-03-08,0.0025,Call,BBG00LPWLFD4 FIGI,S5COND Index,0.005,0.01,0,0,0,0,0,213850000,Small,0.000234834,0,0,3076.92,0.547978317,-1.710991054,-0.689605626,-1.217198384,-1.419372633,-2.116601648,0.366267807,-0.853285487,0.787735701,-0.056394161,0.25314533,1.655067548,9.745431576,-1.855721746,1.674070752,0.398141629,0.519398353,0.995233557,0.200529959,1.933657019,-1.897460427,0.517617625,-0.087281364,0.378827153,-0.320489477,-0.34329292,1.163099628,-0.360578109,1.16012843,-10.56661596,8.926696935,-5.071104986,-0.820463905,0.025497585,-0.905121333,-43.78134495,38.5,0.071460241,0.058718446,FirmLevel
3/7/2024,Dipsea Capital Fund LP,FXI 03/08/2024 PUT 22,FXI   240308P00022000,US4642871846,464287184,,-15,0.01,0,OPTION PUTS,-15,,FXI   240308P00022000 Equity,FXI   240308P00022000 Equity,282090,BBG000Q8RVM1,March 24 Puts on FXI US,ISHARES CHINA LARGE-CAP ETF,Equity Option,Option,CHINA,USD,1,Broad Market Index,Broad Market Index,1.14938E+11,49035980.68,100,23.33,22,0.001369,2024-03-08,0.0025,Put,BBG000Q8RVM1 FIGI,SPX Index,0.01,0.873020101,-0.033369853,0.098592083,0.023001533,0.000641356,-0.056172255,1.14938E+11,Mega,0.000152949,1167.777995,1093.161103,34995,0.93610353,-0.170864315,-0.298497387,0.225434032,0.072959392,-0.393235622,0.061263542,0.108043367,0.215873289,0.613016581,1.019143748,-0.907681117,1.258272412,0.127450167,-0.072331793,0.12665631,0.142799855,0.027422192,0.200194475,0.216436118,-0.204238013,0.307364653,0.01009979,-0.103450052,0.133983842,0.163396171,0.13558375,-0.268331886,2.231422296,-1.429350408,0.611915079,0.265156855,-0.521902785,0.228504442,0.019521532,-0.844347997,-15,0.017797376,0.391837824,FirmLevel
3/7/2024,Dipsea Capital Fund LP,FXI 03/08/2024 PUT 22.5,FXI   240308P00022500,US4642871846,464287184,,16,0.015,-12.19,OPTION PUTS,24,,FXI   240308P00022500 Equity,FXI   240308P00022500 Equity,282091,BBG000Q8RVM1,March 24 Puts on FXI US,ISHARES CHINA LARGE-CAP ETF,Equity Option,Option,CHINA,USD,1,Broad Market Index,Broad Market Index,1.14938E+11,49035980.68,100,23.33,22.5,0.001369,2024-03-08,0.0025,Put,BBG000Q8RVM1 FIGI,SPX Index,0.015,0.641465502,-0.061990215,0.220690853,0.051487176,0.00105485,-0.067851723,1.14938E+11,Mega,0.000163146,-2313.970733,-2166.116171,-37328,0.93610353,-0.170864315,-0.298497387,0.225434032,0.072959392,-0.393235622,0.061263542,0.108043367,0.215873289,0.613016581,1.019143748,-0.907681117,1.258272412,0.127450167,-0.072331793,0.12665631,0.142799855,0.027422192,0.200194475,0.216436118,-0.204238013,0.307364653,0.01009979,-0.103450052,0.133983842,0.163396171,0.13558375,-0.268331886,2.231422296,-1.429350408,0.611915079,0.265156855,-0.521902785,0.228504442,0.019521532,-0.844347997,24,0.017797376,0.391837824,FirmLevel
3/7/2024,Dipsea Capital Fund LP,MS 03/15/2024 CALL 92.5,MS    240315C00092500,US6174464486,617446448,,39,0.075,-58.5,OPTION CALLS,292.5,,MS    240315C00092500 Equity,MS    240315C00092500 Equity,282087,BBG000BLZRJ2,March 24 Calls on MS US,MORGAN STANLEY,Equity Option,Option,UNITED STATES,USD,1,Financials,Capital Markets,1.40862E+11,8337135.097,100,86.14,92.5,0.019178,2024-03-15,0.0025,Call,BBG000BLZRJ2 FIGI,S5FINL Index,0.075,0.30795497,0.049688087,0.027934907,0.024063129,0.012241862,-0.026957077,1.40862E+11,Mega,0.002338933,16692.51397,19270.05278,335946,1.154412859,-0.739503047,-1.1297038,0.734880117,1.010908175,-1.157000245,-0.013649473,0.111049623,0.02496872,0.746232971,0.463662822,-1.109831648,2.651670876,0.55474237,0.237035923,-0.073265655,0.212820312,1.743999128,0.333477127,1.203636661,-1.057096134,1.038202494,0.67800263,-0.498956115,0.256152786,0.509635612,0.321540708,-0.354111537,4.731980384,-3.841369845,2.148679551,0.729810833,-0.833237883,-0.556939719,-0.221414292,-10.51053773,292.5,0.016547891,0.521060827,FirmLevel
3/7/2024,Dipsea Capital Fund LP,NDXP 03/08/2024 PUT 13800,NDXP  240308P13800000,NOT AVAILABLE,NOT AVAILABLE,,114,0.075,60.21,OPTION PUTS,855,,NDXP  240308P13800000 Equity,NDXP  240308P13800000 Equity,282665,BBG000KKFC45,March 24 Puts on NDX,NASDAQ 100 STOCK INDX,Index Option,Option,UNITED STATES,USD,1,Broad Market Index,Broad Market Index,2.186E+13,269377983.8,100,18297.99,13800,0.001369,2024-03-08,0.0025,Put,BBG000KKFC45 FIGI,SPX Index,0.075,2.178863906,-0.000200176,5.14162E-07,9.40813E-05,0.005134996,-1.214045629,2.186E+13,Mega,0.000211599,-41756.04982,-52731.62831,-208597086,1.262850019,0.154871493,0.419527075,-0.101086754,-0.235146243,0.475226112,-0.012717239,-0.115418831,-0.023616054,-0.098907733,-0.018377632,0.125680148,-0.316264198,-0.097265694,0.134831449,-0.259209088,-0.147590492,-0.525381242,-0.378487344,-0.429220407,0.498090554,-0.291253408,-0.185129934,0.165838277,-0.18391605,-0.15804201,-0.060771364,0.424027981,-1.131419967,0.476887798,-0.204460088,-0.699106995,0.271355421,0.181063282,0.194201455,-1.855816702,855,0.009992027,0.941454253,FirmLevel
3/7/2024,Dipsea Capital Fund LP,NDXP 03/08/2024 PUT 15075,NDXP  240308P15075000,NOT AVAILABLE,NOT AVAILABLE,,19,0.25,281.54,OPTION PUTS,475,,NDXP  240308P15075000 Equity,NDXP  240308P15075000 Equity,282666,BBG000KKFC45,March 24 Puts on NDX,NASDAQ 100 STOCK INDX,Index Option,Option,UNITED STATES,USD,1,Broad Market Index,Broad Market Index,2.186E+13,269377983.8,100,18297.99,15075,0.001369,2024-03-08,0.0025,Put,BBG000KKFC45 FIGI,SPX Index,0.25,1.675081265,-0.000796435,2.40853E-06,0.000440712,0.0184926,-3.202765151,2.186E+13,Mega,3.52664E-05,-27689.0062,-34967.06201,-34766181,1.262850019,0.154871493,0.419527075,-0.101086754,-0.235146243,0.475226112,-0.012717239,-0.115418831,-0.023616054,-0.098907733,-0.018377632,0.125680148,-0.316264198,-0.097265694,0.134831449,-0.259209088,-0.147590492,-0.525381242,-0.378487344,-0.429220407,0.498090554,-0.291253408,-0.185129934,0.165838277,-0.18391605,-0.15804201,-0.060771364,0.424027981,-1.131419967,0.476887798,-0.204460088,-0.699106995,0.271355421,0.181063282,0.194201455,-1.855816702,475,0.009992027,0.941454253,FirmLevel
3/7/2024,Dipsea Capital Fund LP,NOK 03/08/2024 CALL 3.5,NOK   240308C00003500,US6549022043,654902204,,31,0.185,15.5,OPTION CALLS,573.5,,NOK   240308C00003500 Equity,NOK   240308C00003500 Equity,282490,BBG000BNGBW9,March 24 Calls on NOK US,NOKIA CORP-SPON ADR,Equity Option,Option,FINLAND,USD,1,Information Technology,Communications Equipment,20769940000,22709586.33,100,3.7,3.5,0.001369,2024-03-08,0.0025,Call,BBG000BNGBW9 FIGI,S5INFT Index,0.2,0.01,1,0,0,0,-2.39725E-05,20769940000,Large,0.000682531,11470,14110.23298,11470,1.230185962,-0.351552576,-0.601268689,0.379237642,1.152537122,-0.150926985,0.13026294,0.312365752,0.229504636,0.473531083,0.475114815,-0.94059145,1.804087342,0.324336315,-0.595868458,0.214342946,0.260587691,0.172874838,-0.238380623,0.511265594,-0.242142974,0.773620927,0.370803521,-0.103445432,0.263946493,0.019376747,0.201811393,-0.240322771,3.080347918,-1.928752065,1.99774865,0.592540391,-0.351253349,-0.15051845,0.027730709,-5.898245182,573.5,0.021698838,0.422804646,FirmLevel
3/7/2024,Dipsea Capital Fund LP,NOK 03/15/2024 CALL 3.5,NOK   240315C00003500,US6549022043,654902204,,3,0.195,0,OPTION CALLS,58.5,,NOK   240315C00003500 Equity,NOK   240315C00003500 Equity,282487,BBG000BNGBW9,March 24 Calls on NOK US,NOKIA CORP-SPON ADR,Equity Option,Option,FINLAND,USD,1,Information Technology,Communications Equipment,20769940000,22709586.33,100,3.7,3.5,0.019178,2024-03-15,0.0025,Call,BBG000BNGBW9 FIGI,S5INFT Index,0.2,0.01,1,0,0,0,-2.39715E-05,20769940000,Large,6.60514E-05,1110,1365.506417,1110,1.230185962,-0.351552576,-0.601268689,0.379237642,1.152537122,-0.150926985,0.13026294,0.312365752,0.229504636,0.473531083,0.475114815,-0.94059145,1.804087342,0.324336315,-0.595868458,0.214342946,0.260587691,0.172874838,-0.238380623,0.511265594,-0.242142974,0.773620927,0.370803521,-0.103445432,0.263946493,0.019376747,0.201811393,-0.240322771,3.080347918,-1.928752065,1.99774865,0.592540391,-0.351253349,-0.15051845,0.027730709,-5.898245182,58.5,0.021698838,0.422804646,FirmLevel
3/7/2024,Dipsea Capital Fund LP,SPXW 03/08/2024 CALL 5280,SPXW  240308C05280000,NOT AVAILABLE,NOT AVAILABLE,,25,0.075,-67.05,OPTION CALLS,187.5,,SPXW  240308C05280000 Equity,SPXW  240308C05280000 Equity,282707,BBG000H4FSM0,March 24 Calls on SPX,S&P 500 INDEX,Index Option,Option,UNITED STATES,USD,1,Broad Market Index,Broad Market Index,4.49585E+13,700005699,100,5157.36,5280,0.001369,2024-03-08,0.0025,Call,BBG000H4FSM0 FIGI,SPX Index,0.075,0.246465947,0.005053101,0.000310356,0.016006185,0.027853236,-0.687098163,4.49585E+13,Mega,1.7857E-05,65151.65045,65151.65045,12893400,1,7.95612E-05,0.001179791,-1.78601E-17,-1.58956E-16,-4.23517E-16,2.23646E-18,-8.55985E-18,5.94659E-18,-5.47982E-17,2.62456E-17,-2.1936E-17,5.24041E-17,-2.06066E-18,-1.87447E-16,-2.02095E-17,5.65555E-19,2.33244E-17,-1.41586E-16,-1.90822E-16,-1.92697E-16,-5.19252E-17,-8.24321E-17,-1.71905E-16,6.09729E-18,2.53786E-17,3.04544E-20,-6.08691E-17,-2.22979E-17,-1.34637E-16,7.90129E-17,1.9432E-16,1.22256E-16,-1.50618E-16,-3.16854E-18,1.50755E-16,187.5,0.007446872,1,FirmLevel
3/7/2024,Dipsea Capital Fund LP,SPXW 03/08/2024 CALL 5370,SPXW  240308C05370000,NOT AVAILABLE,NOT AVAILABLE,,-250,0.025,579.53,OPTION CALLS,-625,,SPXW  240308C05370000 Equity,SPXW  240308C05370000 Equity,282728,BBG000H4FSM0,March 24 Calls on SPX,S&P 500 INDEX,Index Option,Option,UNITED STATES,USD,1,Broad Market Index,Broad Market Index,4.49585E+13,700005699,100,5157.36,5370,0.001369,2024-03-08,0.0025,Call,BBG000H4FSM0 FIGI,SPX Index,0.025,0.361471848,0.001289263,6.16079E-05,0.003177342,0.008109038,-0.293349047,4.49585E+13,Mega,0.00017857,-166229.8385,-166229.8385,-128934000,1,7.95612E-05,0.001179791,-1.78601E-17,-1.58956E-16,-4.23517E-16,2.23646E-18,-8.55985E-18,5.94659E-18,-5.47982E-17,2.62456E-17,-2.1936E-17,5.24041E-17,-2.06066E-18,-1.87447E-16,-2.02095E-17,5.65555E-19,2.33244E-17,-1.41586E-16,-1.90822E-16,-1.92697E-16,-5.19252E-17,-8.24321E-17,-1.71905E-16,6.09729E-18,2.53786E-17,3.04544E-20,-6.08691E-17,-2.22979E-17,-1.34637E-16,7.90129E-17,1.9432E-16,1.22256E-16,-1.50618E-16,-3.16854E-18,1.50755E-16,-625,0.007446872,1,FirmLevel
3/7/2024,Dipsea Capital Fund LP,Archer Daniels Midland Co,ADM US,US0394831020,039483102,,-381,54.25,-890.48,EQUITIES,-20669.25,,ADM US Equity,ADM US Equity,2738,BBG000BB6WG8,ARCHER-DANIELS-MIDLAND CO,ARCHER-DANIELS-MIDLAND CO,Common Stock,Common Stock,UNITED STATES,USD,1,Consumer Staples,Food Products,28935930000,5825867.806,1,54.25,0,0,,0,Equity,BBG000BB6WG8 FIGI,S5CONS Index,54.25,0,1,0,0,0,0,28935930000,Large,0.00032699,-20669.25,-11377.56407,-20669.25,0.550458486,-0.104828994,-0.839796537,0.208130044,0.002549355,-0.807946147,-0.068513486,0.488850929,0.033164853,-0.093605155,0.216140699,-0.965704706,-0.176213085,0.248238012,0.417484796,0.931784161,0.358328983,0.756759919,0.421627226,0.192413057,-0.942447902,0.627616455,0.274581,-0.498357042,0.411751996,0.15527673,0.056723926,-0.922791774,1.3002192,-0.164854984,1.263767454,0.538685913,-0.209171286,-0.883233217,-0.339514817,-3.182692092,-20669.25,0.025565328,0.160793175,FirmLevel
3/7/2024,Dipsea Capital Fund LP,Nokia OYJ,NOK US,US6549022043,654902204,,2283,3.7,-27.4,EQUITIES,8447.1,,NOK US Equity,NOK US Equity,6775,BBG000BNGBW9,NOKIA CORP-SPON ADR,NOKIA CORP-SPON ADR,ADR,Depositary Receipt,FINLAND,USD,1,Information Technology,Communications Equipment,20769940000,22709586.33,1,3.7,0,0,,0,Equity,BBG000BNGBW9 FIGI,S5INFT Index,3.7,0,1,0,0,0,0,20769940000,Large,0.000502651,8447.1,10391.50384,8447.1,1.230185962,-0.351552576,-0.601268689,0.379237642,1.152537122,-0.150926985,0.13026294,0.312365752,0.229504636,0.473531083,0.475114815,-0.94059145,1.804087342,0.324336315,-0.595868458,0.214342946,0.260587691,0.172874838,-0.238380623,0.511265594,-0.242142974,0.773620927,0.370803521,-0.103445432,0.263946493,0.019376747,0.201811393,-0.240322771,3.080347918,-1.928752065,1.99774865,0.592540391,-0.351253349,-0.15051845,0.027730709,-5.898245182,8447.1,0.021698838,0.422804646,FirmLevel
3/7/2024,Dipsea Capital Fund LP,NovaGold Resources Inc,NG US,CA66987E2069,66987E206,,7609,2.61,-452.88,EQUITIES,19859.49,,NG US Equity,NG US Equity,36045,BBG000D25424,NOVAGOLD RESOURCES INC,NOVAGOLD RESOURCES INC,Common Stock,Common Stock,CANADA,USD,1,Materials,Metals & Mining,872710000,3662038,1,2.61,0,0,,0,Equity,BBG000D25424 FIGI,S5MATR Index,2.61,0,1,0,0,0,0,872710000,Small,0.010389024,19859.49,22470.49518,19859.49,1.131473929,-1.834695677,-1.892504985,2.818995659,4.276872735,-2.018439248,0.179706232,2.328106327,0.330025347,0.641156541,-0.203183957,-3.600064792,5.443511775,2.936886574,0.200309299,0.826244888,0.393866332,0.687484803,0.927349805,1.482900467,-2.050072202,1.624290953,1.568103168,-0.418570691,1.287012964,0.143469209,0.663543208,-1.398476245,11.67500742,-7.687759949,1.082051901,2.099435779,-1.502973247,-0.651338949,-0.687750615,-3.577349135,19859.49,0.033768473,0.249762237,FirmLevel
3/7/2024,Dipsea Capital Fund LP,Enovix Corp,ENVX US,US2935941078,293594107,,7000,9.3,-420,EQUITIES,65100,,ENVX US Equity,ENVX US Equity,96903,BBG00YC53854,RODGERS SILICON VALLEY ACQUI,RODGERS SILICON VALLEY ACQUI,Common Stock,Common Stock,UNITED STATES,USD,1,Industrials,Electrical Equipment,1567090000,3978218.516,1,9.3,0,0,,0,Equity,BBG00YC53854 FIGI,S5INDU Index,9.3,0,1,0,0,0,0,1567090000,Small,0.008797908,65100,191232.1177,65100,2.937513328,-2.472470086,-1.935576729,2.411970316,2.797354234,-1.898438577,0.064949728,-0.028729757,0.207532745,1.425287361,0.80843465,-1.767171273,12.11683033,1.483815902,1.32696288,-0.314357762,0.356781927,1.641295867,0.273152521,2.776894216,-2.035986829,1.943758687,1.506568568,-0.531065455,0.437333602,1.439098512,1.319457894,-0.344992561,12.98269731,-13.65633881,4.008100594,4.824273661,-1.396927744,-0.867979059,-0.542820895,-24.02326327,65100,0.046520802,0.471230425,FirmLevel
