TradeDate,FundName,SecurityDescription,Symbol,Quantity,MarketPrice,TotalPL,AssetType,MarketValue,NetAssetValue,CalcSID,SID,SecID,UnderlierSecID,UnderlierFIGI,NAME,UnderlierName,SECURITY_TYP,SECURITY_TYP2,Country,CRNCY,FXRate,Sector,Industry,MarketCap,30DAvgVolume,Multiplier,UndlPrice,Strike,MtyYears,Expiry,FinRt,PutCall,VaRTicker,Proxy,Price,IVOL_TM,Delta,Gamma$,Gamma%,Vega,Theta,USD Mkt Cap,MarketCap,DaysLiquid,Exposure,BetaExposure,NotionalExposure,Equity,Size(L-S),Valuation(G-V),BondAgg,BondHY,Momentum,Oil,Gold,Commodity,IntlEquity,EMEquity,DollarIndex,Volatility, 10YRRates , ConsDisc ,ConsStap,Energy,Financials,HealthCare,Industrials,Tech,Materials,RealEstate,Telecom,Utilities,Crowdedness,Short Interest,Cyclicality,Leverage,Profitability,EarningsVariability,DividendYield,Software,Hardware,Semiconductors,Internet,NotionalMV,Volatility,Correlation,Client
1/8/2024,Hedged Equity,RESTAURANT BRANDS INTERN,QSR,-80,78.16,0,STK,-6241.69,0,BBG0076WG2V1,BBG0076WG2V1,211,,BBG0076WG2V1,RESTAURANT BRANDS INTERN,RESTAURANT BRANDS INTERN,Common Stock,Common Stock,CANADA,USD,1,Consumer Discretionary,"Hotels, Restaurants & Leisure",35994330000,1145931,1,78.16,0,0,,0,Equity,BBG0076WG2V1 FIGI,S5COND Index,78.16,0,1,0,0,0,0,35994330000,Large,1/0/1900,-6241.685648,-7462.804969,-11048.28133,0.675472026,0.138783708,0.34389195,-0.550361111,-0.717924035,0.392215911,-0.042263921,-0.021314657,-0.15845225,0.0233018,-0.224384286,1,-0.62,-0.231766288,-0.001193289,0.3,-0.094728735,-0.427387833,0.66131996,-0.355742902,0.331648321,-0.097585353,-0.32282503,0.206013795,-0.053825677,-0.053944958,0.022402726,-0.439814849,-1.666834817,0.471569599,0.186954016,-2.475717112,0.393839507,-0.064401031,0.225563366,4.002330694,-11048.28133,0.028285277,0.68580145,FirmLevel
1/8/2024,Hedged Equity,ALPHABET INC-CL C,GOOG,308,140.53,0,STK,43323.08,0,BBG009S3NB30,BBG009S3NB30,309,,BBG009S3NB30,ALPHABET INC-CL C,ALPHABET INC-CL C,Common Stock,Common Stock,UNITED STATES,USD,1,Communication Services,Interactive Media & Services,1.74813E+12,21848448.9,1,140.53,0,0,,0,Equity,BBG009S3NB30 FIGI,S5TELS Index,140.53,0,1,0,0,0,0,1.74813E+12,Mega,1/0/1900,43323.08026,16440.28225,17291.8579,0.950752796,-0.388896156,0.653519802,-0.6389027,-0.681446251,0.500147984,0.000969886,-0.144694457,0.110718182,0.011424318,-0.051256664,2,1.91,0.551182876,1.233665329,-1.17,0.195828425,-0.219667676,0.165800326,-0.218867904,0.535759204,-0.254361231,-0.253686937,0.21191535,-0.571170669,0.831260013,0.966540349,0.615556945,2.872981364,-4.746046532,7.446272702,-0.321688823,0.73041145,0.063395704,0.087077604,-10.43203538,17291.8579,0.053739609,0.508267152,FirmLevel
1/8/2024,Hedged Equity,MASTERCARD INC - A,MA,89,421.98,0,STK,37414.73,0,BBG000F1ZSQ2,BBG000F1ZSQ2,360,,BBG000F1ZSQ2,MASTERCARD INC - A,MASTERCARD INC - A,Common Stock,Common Stock,UNITED STATES,USD,1,Information Technology,IT Services,3.95723E+11,2415093.452,1,421.98,0,0,,0,Equity,BBG000F1ZSQ2 FIGI,S5INFT Index,421.98,0,1,0,0,0,0,3.95723E+11,Mega,1/0/1900,37414.73011,29350.36075,25249.74221,1.162402392,-1.490228604,-0.588956889,1.987202473,0.623791537,-0.639209214,0.005607343,0.275473679,-0.055520554,0.568405015,0.154476434,-1,2.85,1.185666492,0.662765413,-1.2,0.393218201,0.538040359,-0.615125743,0.663817409,-0.621315751,1.154136573,0.180047492,-0.436089595,-0.108311955,0.895311448,1.008810163,0.666363386,4.681632276,-5.441123018,2.473217408,2.980142942,-0.344856669,-0.757447439,0.090981284,31.00738631,25249.74221,0.052491585,0.636163925,FirmLevel
1/8/2024,Hedged Equity,INVESCO QQQ TRUST SERIES 1,QQQ,-178,404.95,0,STK,-72040.93,0,BBG000BSWKH7,BBG000BSWKH7,622,,BBG000BSWKH7,INVESCO QQQ TRUST SERIES 1,INVESCO QQQ TRUST SERIES 1,ETP,Mutual Fund,UNITED STATES,USD,1,Broad Market Index,Broad Market Index,8.71967E+11,41881692.97,1,404.95,0,0,,0,Equity,BBG000BSWKH7 FIGI,SPX Index,404.95,0,1,0,0,0,0,8.71967E+11,Mega,1/0/1900,-72040.92896,52276.11089,42968.7521,1.216607612,0.127838768,1.765530803,-1.129136533,0.410922933,1.604264794,0.100547874,0.231661664,0.339591113,-0.032696968,0.228001629,1,-0.27,0.178980859,1.537781376,-1.11,-0.115086248,-0.918399572,-0.43872573,-1.599394175,2.187669415,-0.239649293,-0.384818208,1.17918141,-0.558147443,1.000206121,0.521755586,1.346634878,0.433969791,-2.872261452,5.561694023,-3.195565091,2.417530829,0.702772263,0.513730687,30.05680227,42968.7521,0.058357946,0.59891979,FirmLevel
1/8/2024,Hedged Equity,COMCAST CORP-CLASS A,CMCSA,874,43.73,0,STK,38227.69,0,BBG000BFT2L4,BBG000BFT2L4,2895,,BBG000BFT2L4,COMCAST CORP-CLASS A,COMCAST CORP-CLASS A,Common Stock,Common Stock,UNITED STATES,USD,1,Communication Services,Media,1.76017E+11,17842461,1,43.73,0,0,,0,Equity,BBG000BFT2L4 FIGI,S5TELS Index,43.73,0,1,0,0,0,0,1.76017E+11,Mega,1/0/1900,38227.69024,-11247.98459,-9618.728796,1.169383692,-1.068076882,-0.511984586,0.972310035,0.509743203,-0.59297873,0.017651066,0.081864388,-0.014781864,0.454629671,0.297442426,-1,1.57,1.254391065,0.324066023,-0.59,0.235705413,0.452925936,-0.290445493,0.54904864,-0.877042437,0.298039973,0.44461632,0.089995302,-0.156025691,0.702424077,0.490023057,0.333662911,3.044871189,-2.89685488,1.681198819,1.554944197,-0.64907768,-0.74550657,-0.047821933,20.91119072,-9618.728796,0.04369727,0.768819445,FirmLevel
1/8/2024,Hedged Equity,AXON ENTERPRISE INC,AXON,149,251.61,0,STK,37560.69,0,BBG000BHJWG1,BBG000BHJWG1,2975,,BBG000BHJWG1,AXON ENTERPRISE INC,AXON ENTERPRISE INC,Common Stock,Common Stock,UNITED STATES,USD,1,Industrials,Aerospace & Defense,18854100000,393418.0645,1,251.61,0,0,,0,Equity,BBG000BHJWG1 FIGI,S5INDU Index,251.61,0,1,0,0,0,0,18854100000,Large,1/0/1900,37560.69305,-9597.20408,-11703.45322,0.820031823,0.267449279,0.154595575,-0.164548696,-0.088300668,0.468167188,-0.072455916,-0.229575776,-0.220582365,-0.282949575,-0.20824712,1,-1.29,0.058036958,-0.653005964,0.63,-0.242394672,-0.213912218,1.131943543,-0.387452478,0.059549862,-0.495269927,0.010338736,-0.057795665,0.104020919,-0.549066865,-0.304274355,-0.826284864,-2.324539851,2.545707404,-1.509829796,-0.806361704,0.034478782,0.084732,-0.014048079,-23.11276664,-11703.45322,0.033100119,0.711709604,FirmLevel
1/8/2024,Hedged Equity,EQUIFAX INC,EFX,-33.0752,246.37,0,STK,"-8,148.74",0,BBG000BHPL78,BBG000BHPL78,2979,,BBG000BHPL78,EQUIFAX INC,EQUIFAX INC,Common Stock,Common Stock,UNITED STATES,USD,1,Industrials,Professional Services,30356920000,944736.4194,1,246.37,0,0,,0,Equity,BBG000BHPL78 FIGI,S5INDU Index,246.37,0,1,0,0,0,0,30356920000,Large,1/0/1900,-8148.737024,40517.82229,47607.63176,0.8510783,0.036148547,0.268094088,0.011268525,-0.274193451,0.570962626,0.019810405,-0.038382576,0.087923395,0.14374036,0.173984736,1,-0.58,0.003615397,0.121901825,-0.03,0.069391704,-0.10860021,0.305945302,-0.171515453,0.295207813,-0.221478227,-0.328668276,-0.10608431,-0.278147611,0.145562476,0.057354819,-0.104289846,0.103054748,-0.516668606,1.657820252,-1.159029718,0.354834073,-0.069093359,0.211966046,6.556149772,47607.63176,0.033224377,0.735792735,FirmLevel
1/8/2024,Hedged Equity,HELEN OF TROY LTD,HELE,-30,121.16,0,STK,-3645.95,0,BBG000BL21Z7,BBG000BL21Z7,3074,,BBG000BL21Z7,HELEN OF TROY LTD,HELEN OF TROY LTD,Common Stock,Common Stock,UNITED STATES,USD,1,Consumer Discretionary,Household Durables,2877120000,265273.1613,1,121.16,0,0,,0,Equity,BBG000BL21Z7 FIGI,S5COND Index,121.16,0,1,0,0,0,0,2877120000,Small,1/0/1900,-3645.94672,78746.31725,51702.12001,1.523077143,-0.931624955,0.004543751,2.965026521,0.913144158,0.442648353,0.172720686,0.751414237,0.398797873,1.015731304,0.791511959,-1,3.92,1.38920461,1.102594564,-2.24,0.513608964,0.710185181,-2.746570346,0.652078025,0.934470429,1.235465963,-0.424140429,-0.695066853,-0.606948114,1.628585573,1.046914696,2.651679103,7.287486529,-5.854477675,6.203855817,0.587047269,0.893245342,0.235920404,0.40064005,209.4210755,51702.12001,0.081503051,0.536647535,FirmLevel
1/8/2024,Hedged Equity,BROWN & BROWN INC,BRO,608,72.19,0,STK,"43,861.42",0,BBG000BWSGF4,BBG000BWSGF4,3401,,BBG000BWSGF4,BROWN & BROWN INC,BROWN & BROWN INC,Common Stock,Common Stock,UNITED STATES,USD,1,Financials,Insurance,20545120000,1219832.806,1,72.19,0,0,,0,Equity,BBG000BWSGF4 FIGI,S5FINL Index,72.19,0,1,0,0,0,0,20545120000,Large,1/0/1900,43861.41677,-8908.142026,-12611.27519,0.706363305,0.113779486,0.046309637,0.238622074,-0.062904046,0.177709918,0.005673599,-0.14539636,0.008924669,0.00041467,0.006222592,0,-0.3,0.008803912,-0.0996909,0.21,-0.017393872,0.012573042,0.056171308,-0.173499235,0.10556081,-0.043724142,-0.195670535,-0.058656401,-0.069186833,-0.014265053,-0.069407589,-0.090125261,-1.069706433,0.297893075,-0.063804925,-1.585057193,0.067730076,-0.119225188,0.230238677,21.99181499,-12611.27519,0.027159301,0.746844287,FirmLevel
1/8/2024,Hedged Equity,INTEL CORP,INTC,-136,48.45,0,STK,-6596.38,0,BBG000C0G1D1,BBG000C0G1D1,3445,,BBG000C0G1D1,INTEL CORP,INTEL CORP,Common Stock,Common Stock,UNITED STATES,USD,1,Information Technology,Semiconductors & Semiconductor,2.04265E+11,39234566.9,1,48.45,0,0,,0,Equity,BBG000C0G1D1 FIGI,S5INFT Index,48.45,0,1,0,0,0,0,2.04265E+11,Mega,1/0/1900,-6596.38029,-17903.39329,-15715.13959,1.139244942,-1.064461939,0.101794991,2.854278388,0.187690156,-0.025606351,0.033474101,0.351174609,-0.058265946,0.393542451,0.16392261,-1,2.02,3.211797428,0.859568508,-1.08,0.127852511,0.008253536,-0.606314358,0.303749571,0.449210211,0.524320993,-0.126139604,-0.009700805,-0.409257148,0.895890488,0.596167901,1.097452298,3.342721342,-4.323263685,3.465197988,0.499264577,0.303878641,-0.241235129,0.70569285,6.992676413,-15715.13959,0.045103486,0.725680365,FirmLevel
1/8/2024,Hedged Equity,ARCBEST CORP,ARCB,-72.3862,118.64,0,STK,-8587.9,0,BBG000C1PFY5,BBG000C1PFY5,3468,,BBG000C1PFY5,ARCBEST CORP,ARCBEST CORP,Common Stock,Common Stock,UNITED STATES,USD,1,Industrials,Road & Rail,2807240000,322709.0645,1,118.64,0,0,,0,Equity,BBG000C1PFY5 FIGI,S5INDU Index,118.64,0,1,0,0,0,0,2807240000,Small,1/0/1900,-8587.898768,55361.38323,54794.25026,1.010350228,0.041896052,0.930209217,-0.842072593,-0.331119141,0.792597218,0.023863092,0.295992013,0.083639992,-0.135482272,-0.095299263,1,-0.11,-0.103753603,0.845846139,-0.51,-0.162387287,-0.488172093,-0.231205068,-0.779819215,1.163483222,-0.373160354,-0.2294583,0.67803636,-0.196605267,0.305962452,0.198282657,0.72630875,-0.596829383,-1.16203465,2.696067094,-2.295790931,1.309010101,0.308829848,0.309756062,21.07834894,54794.25026,0.035031482,0.828489853,FirmLevel
1/8/2024,Hedged Equity,AAON INC,AAON,-152,73.7,0,STK,-11225.11,0,BBG000C2LZP3,BBG000C2LZP3,3485,,BBG000C2LZP3,AAON INC,AAON INC,Common Stock,Common Stock,UNITED STATES,USD,1,Industrials,Building Products,5987750000,386626.4839,1,73.7,0,0,,0,Equity,BBG000C2LZP3 FIGI,S5INDU Index,73.7,0,1,0,0,0,0,5987750000,Mid,1/0/1900,-11225.10697,-14425.77292,-12362.12503,1.166933103,-0.171614972,0.801883225,-1.818996153,-0.944286541,1.008496562,-0.105618161,0.132307331,-0.332748613,-0.156202841,-0.425515899,2,0.11,-0.951574581,0.704248301,-0.1,-0.222350467,-0.44239776,0.101896842,-0.795179989,0.960368075,-0.182118302,-0.751541246,1.023915869,-0.258908722,0.270546151,0.373732189,0.386592964,-2.268251907,-2.099974819,5.625289385,-2.876786003,1.21973425,0.104174021,0.265480802,56.20560591,-12362.12503,0.056447593,0.593827466,FirmLevel
1/8/2024,Hedged Equity,STARBUCKS CORP,SBUX,302,94.19,0,STK,28460.52,0,BBG000CTQBF3,BBG000CTQBF3,3603,,BBG000CTQBF3,STARBUCKS CORP,STARBUCKS CORP,Common Stock,Common Stock,UNITED STATES,USD,1,Consumer Discretionary,"Hotels, Restaurants & Leisure",1.07066E+11,7900661.935,1,94.19,0,0,,0,Equity,BBG000CTQBF3 FIGI,S5COND Index,94.19,0,1,0,0,0,0,1.07066E+11,Mega,1/0/1900,28460.51633,-16518.83957,-13220.32836,1.249502971,-0.631745109,-0.406119358,-2.675696605,0.153856874,0.145969002,-0.096804394,-0.078629885,-0.290369995,0.494030652,-0.040366742,0,0.96,-3.276641713,0.305554055,0.18,-0.11643074,-0.029439291,0.307987813,0.516910145,-0.693235993,0.623584515,0.24201409,-0.648209764,0.407379144,0.093205483,0.556939358,-0.389143666,-0.576973958,-0.299246161,-2.131128186,3.562839816,-0.780887736,-0.206087696,-0.140824271,1.657831305,-13220.32836,0.051146609,0.70192811,FirmLevel
1/8/2024,Hedged Equity,WATSCO INC,WSO,90.2884,405.09,0,STK,36574.93,0,BBG000DJN7L9,BBG000DJN7L9,3669,,BBG000DJN7L9,WATSCO INC,WATSCO INC,Common Stock,Common Stock,UNITED STATES,USD,1,Industrials,Trading Companies & Distributo,15999720000,249548.871,1,405.09,0,0,,0,Equity,BBG000DJN7L9 FIGI,S5INDU Index,405.09,0,1,0,0,0,0,15999720000,Large,1/0/1900,36574.92796,7564.880305,5304.649932,1.426084737,-0.893791075,0.433123027,0.974300513,0.185394245,0.981126284,-0.033512683,0.492809802,-0.309109031,-0.095698923,-0.327464548,0,0.89,1.770933472,1.060928744,-0.3,-0.093484339,-0.387062876,-0.747522672,-0.899701712,0.744402332,0.205278113,-0.166812348,1.183886945,0.081487266,0.680034281,0.869580678,0.688266246,0.155032796,-3.44330426,4.300198796,0.203410327,0.968421277,-0.463894087,0.748279741,3.139634751,5304.649932,0.063727728,0.643010565,FirmLevel
1/8/2024,Hedged Equity,ZIFF DAVIS INC,ZD,-56,66.65,0,STK,-3749.37,0,BBG000F3CWW7,BBG000F3CWW7,3728,,BBG000F3CWW7,J2 GLOBAL INC,J2 GLOBAL INC,Common Stock,Common Stock,UNITED STATES,USD,1,Information Technology,Software,3064880000,281546.1613,1,66.65,0,0,,0,Equity,BBG000F3CWW7 FIGI,S5INFT Index,66.65,0,1,0,0,0,0,3064880000,Small,1/0/1900,-3749.36909,-9143.657828,-15792.7533,0.57897807,0.379819315,0.265651103,0.807904394,0.347421935,1.007317437,-0.02608306,0.154302836,-0.103412766,0.05559773,-0.004893049,-1,-1.46,0.39264445,0.031236463,0.35,-0.207058001,-0.317861348,0.636506768,-0.213855339,0.077611052,-0.064336848,0.098908877,-0.318243622,0.210298213,-0.224033143,-0.101148964,-0.434752927,-0.985639498,1.830493007,-1.443239223,-0.485913789,-0.025954337,0.148630475,0.010046548,-25.10595577,-15792.7533,0.024381188,0.681996008,FirmLevel
1/8/2024,Hedged Equity,DICK'S SPORTING GOODS INC,DKS,-49,139.85,0,STK,-6852.68,0,BBG000F6ZWH2,BBG000F6ZWH2,"3,735.00",,BBG000F6ZWH2,DICK'S SPORTING GOODS INC,DICK'S SPORTING GOODS INC,Common Stock,Common Stock,UNITED STATES,USD,1,Consumer Discretionary,Specialty Retail,11431930000,1291657.226,1,139.85,0,0,,0,Equity,BBG000F6ZWH2 FIGI,S5COND Index,139.85,0,1,0,0,0,0,11431930000,Mid,1/0/1900,-6852.67797,38494.71498,32480.68274,1.185157199,-0.211450466,1.349249539,-2.222159007,-0.699217578,1.229701066,-0.006839982,0.46275828,0.144453528,-0.446564518,-0.436171128,2,-0.05,-1.387731898,0.683284336,-0.23,-0.208199823,-0.993279012,-0.056244691,-1.332548186,1.770738921,-0.560617703,-0.599108696,1.41026925,-0.280365737,0.318087966,0.686413946,0.47642609,-1.530218457,-1.847657497,3.117335458,-2.306461745,1.733324698,0.599432851,0.600385181,-44.58793641,32480.68274,0.055233419,0.616611426,FirmLevel
1/8/2024,Hedged Equity,WATERS CORP,WAT,97,311.74,0,STK,30090.36,0,BBG000FQRVM3,BBG000FQRVM3,3771,,BBG000FQRVM3,WATERS CORP,WATERS CORP,Common Stock,Common Stock,UNITED STATES,USD,1,Health Care,Life Sciences Tools & Services,18432240000,420757.0323,1,311.74,0,0,,0,Equity,BBG000FQRVM3 FIGI,S5HLTH Index,311.74,0,1,0,0,0,0,18432240000,Large,1/0/1900,30090.36059,23928.9413,65010.97814,0.368075393,0.909794755,2.018307831,0.950893769,-0.682180264,2.192400256,-0.043855008,0.713913235,-0.174552449,-0.583554254,-0.531852125,0,-2.39,1.727604855,1.0845162,0.43,-0.559715388,-1.52902311,0.391733484,-1.762945289,2.587494716,-1.864454691,-0.865203127,1.116720978,-0.134387666,-0.182659446,-0.208887918,0.280813313,-4.82666937,2.945905126,-1.384339417,-5.896747634,2.303396275,0.978764704,1.019048035,-47.12060749,65010.97814,0.045263495,0.233467834,FirmLevel
1/8/2024,Hedged Equity,BROADRIDGE FINANCIAL SOLUTIO,BR,200,200,0,STK,"40,005.44",0,BBG000PPFKQ7,BBG000PPFKQ7,4008,,BBG000PPFKQ7,BROADRIDGE FINANCIAL SOLUTIO,BROADRIDGE FINANCIAL SOLUTIO,Common Stock,Common Stock,UNITED STATES,USD,1,Information Technology,IT Services,23529410000,589713.6452,1,200,0,0,,0,Equity,BBG000PPFKQ7 FIGI,S5INFT Index,200,0,1,0,0,0,0,23529410000,Large,1/0/1900,40005.44,23011.18846,27282.77195,0.843432936,0.245833821,0.543661083,1.226342779,0.408938433,0.630231647,0.007330988,0.059208874,0.079949549,0.554650964,0.521528091,-1,0.13,0.726471337,0.317930919,-0.45,-0.004512936,-0.358714434,0.75421128,-0.094313328,0.325362099,-0.279591474,-0.082821807,-0.1618797,-0.255079124,0.184883448,0.053370507,-0.105166847,0.715946896,-0.246635258,2.410198813,-0.053643297,0.64090271,0.027494012,-0.132355739,44.5827545,27282.77195,0.036214327,0.668833771,FirmLevel
1/8/2024,Hedged Equity,TERADATA CORP,TDC,-221.0515,43.59,0,STK,-9635.63,0,BBG000R0L5J4,BBG000R0L5J4,4098,,BBG000R0L5J4,TERADATA CORP,TERADATA CORP,Common Stock,Common Stock,UNITED STATES,USD,1,Information Technology,Software,4263100000,940089.7097,1,43.59,0,0,,0,Equity,BBG000R0L5J4 FIGI,S5INFT Index,43.59,0,1,0,0,0,0,4263100000,Small,1/0/1900,-9635.634885,25545.39168,31728.4413,0.805125958,-0.839660624,-0.578970116,-1.102903228,0.400472909,-0.601761505,0.030047501,0.194553929,0.090922132,0.213860606,0.124101986,0,1.26,-1.113086655,-0.415867851,-0.37,0.167972151,0.332414811,0.114421238,0.440857789,-0.853346318,0.924969444,0.336077636,-0.340855271,0.259335453,0.39948912,0.36517784,-0.237656082,0.923934344,-1.740924566,0.441941886,0.436900361,-0.408852054,-0.609217888,-0.402285158,59.35151556,31728.4413,0.039080022,0.591557942,FirmLevel
1/8/2024,Hedged Equity,LULULEMON ATHLETICA INC,LULU,-19,491.48,0,STK,-9345.49,0,BBG000R8ZVD1,BBG000R8ZVD1,4115,,BBG000R8ZVD1,LULULEMON ATHLETICA INC,LULULEMON ATHLETICA INC,Common Stock,Common Stock,CANADA,USD,1,Consumer Discretionary,"Textiles, Apparel & Luxury Goo",62020230000,1721144.387,1,491.48,0,0,,0,Equity,BBG000R8ZVD1 FIGI,S5COND Index,491.48,0,1,0,0,0,0,62020230000,Large,1/0/1900,-9345.4922,-22780.15055,-15845.9567,1.437600202,-1.484506589,-0.001809858,-0.804006313,-0.751134161,-0.168209543,0.057325419,0.2386111,0.127327072,0.555591226,0.179241123,0,2.19,0.334604904,1.907206092,-1.16,0.282317823,0.212738113,-1.132497723,0.333547459,-0.05193735,0.920849633,-0.270773359,0.23792098,-0.640473899,1.274078102,1.051935769,1.418653223,3.955719271,-6.081327567,5.544244484,1.475752346,0.039811289,-0.350383402,0.236281346,50.03019114,-15845.9567,0.059112478,0.698708328,FirmLevel
1/8/2024,Hedged Equity,SUNRUN INC,RUN,-260.4925,16.64,0,STK,-4334.6,0,BBG0025XVR85,BBG0025XVR85,4270,,BBG0025XVR85,SUNRUN INC,SUNRUN INC,Common Stock,Common Stock,UNITED STATES,USD,1,Industrials,Electrical Equipment,3625500000,15172763.39,1,16.64,0,0,,0,Equity,BBG0025XVR85 FIGI,S5INDU Index,16.64,0,1,0,0,0,0,3625500000,Small,1/0/1900,-4334.5952,-33437.26097,-21525.347,1.553390102,-2.898311617,-2.709122744,4.030227672,1.561815141,-2.396556658,0.080775761,-0.171246297,0.143732307,1.289672197,0.385702452,-3,7.99,1.943643477,1.334584684,-1.6,0.926672881,2.35923342,-2.127425101,2.973419329,-3.753720984,1.579433152,1.129973968,-1.62425437,-0.030346842,1.917342769,1.829414955,1.140381389,11.45761448,-11.97748709,9.653710041,10.16393513,-3.377174577,-2.162212749,-0.632944896,219.9774084,-21525.347,0.100822607,0.442445077,FirmLevel
1/8/2024,Hedged Equity,ALARM.COM HOLDINGS INC,ALRM,648,62,0,STK,40167.1,0,BBG007GNPYY7,BBG007GNPYY7,4471,,BBG007GNPYY7,ALARM.COM HOLDINGS INC,ALARM.COM HOLDINGS INC,Common Stock,Common Stock,UNITED STATES,USD,1,Information Technology,Software,3099240000,248309.129,1,62,0,0,,0,Equity,BBG007GNPYY7 FIGI,S5INFT Index,62,0,1,0,0,0,0,3099240000,Small,1/0/1900,40167.103,10919.98729,7993.38906,1.366127335,-0.942105285,0.727971099,-0.49884596,0.633791875,0.871268118,-0.043685321,0.431428874,-0.150339384,0.031264713,-0.19852161,1,0.09,-0.040113572,0.63099683,-0.47,-0.255349713,-0.428563248,0.432827942,-0.852801747,0.739601661,0.105154704,0.157816566,0.565124008,-0.146872652,0.608502836,0.755132947,0.358645737,0.485872874,-3.207253223,4.10720043,-0.547061147,1.027153511,-0.291480993,0.498008145,40.48027305,7993.38906,0.061078733,0.642594898,FirmLevel
1/8/2024,Hedged Equity,ICON PLC,ICLR,208,272.83,0,STK,"56,643.30",0,BBG000CTSZQ6,BBG000CTSZQ6,6047,,BBG000CTSZQ6,ICON PLC,ICON PLC,Common Stock,Common Stock,IRELAND,USD,1,Health Care,Life Sciences Tools & Services,22461270000,483147.2581,1,272.83,0,0,,0,Equity,BBG000CTSZQ6 FIGI,S5HLTH Index,272.83,0,1,0,0,0,0,22461270000,Large,1/0/1900,56643.30034,56858.62034,40780.62937,1.394255587,-0.901656918,-0.829789004,-0.526013997,0.045805508,-1.34997608,0.002605926,-0.420883399,0.127449939,0.398960456,0.393282163,0,3.86,-0.758634097,0.348272485,-1.53,0.53026997,0.940119016,-0.637096587,1.112481603,-0.883788332,0.66995183,-0.050895082,-0.448742361,-0.579622939,0.90118039,0.791338913,0.860848526,4.638405475,-5.081665409,5.376343221,3.652155428,-0.67263613,-0.533217189,-0.274464653,63.66878766,40780.62937,0.052650259,0.760764294,FirmLevel
1/8/2024,Hedged Equity,AMERICAN TOWER CORP,AMT,137,216.08,0,STK,29579.49,0,BBG000B9XYV2,BBG000B9XYV2,6203,,BBG000B9XYV2,AMERICAN TOWER CORP,AMERICAN TOWER CORP,REIT,REIT,UNITED STATES,USD,1,Real Estate,Equity Real Estate Investment,1.00729E+11,1977520.323,1,216.08,0,0,,0,Equity,BBG000B9XYV2 FIGI,S5RLST Index,216.08,0,1,0,0,0,0,1.00729E+11,Mega,1/0/1900,29579.49371,-13052.34275,-11863.60587,1.100200301,-1.06557114,-0.209674499,-1.058567997,-0.293765129,-0.290716368,0.118712845,-0.060391929,0.33493197,0.559172241,-0.057112007,0,2.02,-0.271244303,0.549892193,-0.64,0.349548852,0.277144606,-1.210004264,0.208211324,-0.16737774,0.83668173,0.023500639,-0.001693304,-0.209728166,1.099762043,0.651020612,0.763435605,2.61414641,-4.364040327,5.568925305,-1.316898555,0.239611483,-0.343301058,-0.176023416,138.7949144,-11863.60587,0.059393713,0.53188397,FirmLevel
1/8/2024,Hedged Equity,RENTOKIL INITIAL PLC-SP ADR,RTO,"1,084",26.82,0,STK,29074.89,0,BBG000BVPG41,BBG000BVPG41,6357,,BBG000BVPG41,RENTOKIL INITIAL PLC-SP ADR,RENTOKIL INITIAL PLC-SP ADR,ADR,Depositary Receipt,BRITAIN,USD,1,Industrials,Commercial Services & Supplies,13530900000,582437.8462,1,26.82,0,0,,0,Equity,BBG000BVPG41 FIGI,S5INDU Index,26.82,0,1,0,0,0,0,13530900000,Mid,1/0/1900,29074.88614,-11469.59256,-13621.34872,0.842030609,-0.047834264,0.089192482,-0.373082388,-0.129175284,0.409999386,0.020118064,-0.056620963,0.038173656,0.046618996,-0.065358255,0,-0.46,-0.289063547,-0.145197621,0.28,-0.029475098,-0.107408047,0.488491718,-0.029003052,-0.163939122,-0.060858812,0.136952656,-0.155818155,0.075450727,0.113023069,0.179968963,-0.418292844,0.285471341,0.07353523,1.708747972,0.217179586,0.026299147,-0.1576971,-0.133095859,-8.182659153,-13621.34872,0.031900634,0.758233106,FirmLevel
1/8/2024,Hedged Equity,SAP SE-SPONSORED ADR,SAP,-78,152.56,0,STK,-11896.74,0,BBG000BDSLD7,BBG000BDSLD7,10064,,BBG000BDSLD7,SAP SE-SPONSORED ADR,SAP SE-SPONSORED ADR,ADR,Depositary Receipt,GERMANY,USD,1,Information Technology,Software,1.87421E+11,738686.3226,1,152.56,0,0,,0,Equity,BBG000BDSLD7 FIGI,S5INFT Index,152.56,0,1,0,0,0,0,1.87421E+11,Mega,1/0/1900,-11896.73559,30086.98202,34056.9344,0.883431893,-0.081877726,0.23199451,-1.032191273,-0.043123082,0.486530866,-0.01062831,0.057331048,-0.051761186,0.009088479,-0.024099371,0,-0.05,-1.173192951,-0.088593461,-0.01,-0.158585447,-0.305945321,0.363008052,-0.170772249,0.576383901,0.167878109,-0.245063223,-0.458985833,0.110703898,-0.094330793,0.086023713,-0.118603733,-1.979001429,0.443435787,-1.729278094,-2.038865894,0.552668364,-0.068837956,0.489641436,-29.52712696,34056.9344,0.040355093,0.628947222,FirmLevel
1/8/2024,Hedged Equity,AON PLC-CLASS A,AON,95.2106,295.54,0,STK,28138.54,0,BBG00SSQFPK6,BBG00SSQFPK6,50273,,BBG00SSQFPK6,AON PLC-CLASS A,AON PLC-CLASS A,Common Stock,Common Stock,BRITAIN,USD,1,Financials,Insurance,59171940000,1174192.839,1,295.54,0,0,,0,Equity,BBG00SSQFPK6 FIGI,S5FINL Index,295.54,0,1,0,0,0,0,59171940000,Large,1/0/1900,28138.54072,-7676.998545,-8759.698908,0.87639982,-1.00984387,0.015716728,0.158054874,0.09145053,-0.514178742,0.070004395,-0.078439707,0.271050742,0.319007759,0.210476995,0,2.53,0.391251038,1.395927858,-1.25,0.291233579,0.33247182,-1.475685179,0.441012879,0.217262657,0.71683609,-0.047105836,-0.155569009,-0.533032008,1.194409067,0.847331275,1.558456847,3.421336827,-5.020408042,4.978308262,0.68409758,-0.049076035,-0.089506327,0.532030283,70.04660897,-8759.698908,0.041436627,0.607330346,FirmLevel
1/8/2024,Hedged Equity,INARI MEDICAL INC,NARI,266,65.6,0,STK,"17,453.05",0,BBG009J8K7M0,BBG009J8K7M0,53452,,BBG009J8K7M0,INARI MEDICAL INC,INARI MEDICAL INC,Common Stock,Common Stock,UNITED STATES,USD,1,Health Care,Health Care Equipment & Suppli,3777930000,585309.3871,1,65.6,0,0,,0,Equity,BBG009J8K7M0 FIGI,S5HLTH Index,65.6,0,1,0,0,0,0,3777930000,Small,1/0/1900,17453.05056,93927.16719,95906.48285,0.979362024,-1.367069824,0.211493503,2.316204207,0.01346375,0.438258431,0.056509543,0.799242878,0.158830928,0.30224846,0.136062576,0,1.63,4.301936761,1.248634367,-0.71,0.297798927,-0.200050466,-0.412072112,-0.225547458,0.157424233,0.692085194,0.208657383,0.264111302,-0.348087194,1.191208228,0.839390959,0.595981588,3.550197921,-5.365747559,6.855763106,-0.515244441,0.301420359,-0.71593148,0.700622702,-24.83884622,95906.48285,0.057245009,0.491544967,FirmLevel
1/8/2024,Hedged Equity,ISHARES RUSSELL MID-CAP GROW,IWP,-366,102.73,0,STK,-37620.4,0,BBG000BW05W9,BBG000BW05W9,92077,,BBG000BW05W9,ISHARES RUSSELL MID-CAP GROW,ISHARES RUSSELL MID-CAP GROW,ETP,Mutual Fund,UNITED STATES,USD,1,Broad Market Index,Broad Market Index,27869360000,938670.2903,1,102.73,0,0,,0,Equity,BBG000BW05W9 FIGI,SPX Index,102.73,0,1,0,0,0,0,27869360000,Large,1/0/1900,-37620.40402,-9180.432391,-8329.4517,1.102165271,0.047287572,0.080122175,0.31818948,0.268690406,0.628111195,0.012796801,0.327128572,0.063084377,0.327407106,0.239715671,-1,0.2,0.04174519,-0.148368792,-0.37,0.05139671,-0.155955204,0.652381314,0.261911041,-0.126337742,0.249696278,0.159625557,-0.602595197,0.155737857,0.154923633,0.078650705,-0.338158056,0.416946489,-0.398138516,0.638009033,0.246645655,0.095989212,-0.169955602,-0.143156526,-3.896581273,-8329.4517,0.036188474,0.875034622,FirmLevel
1/8/2024,Hedged Equity,CLEAR SECURE INC -CLASS A,YOU,-247.773,21.98,0,STK,-5446.05,0,BBG011C0FS40,BBG011C0FS40,116278,,BBG011C0FS40,CLEAR SECURE INC -CLASS A,CLEAR SECURE INC -CLASS A,Common Stock,Common Stock,UNITED STATES,USD,1,Information Technology,Software,3314700000,1019139.452,1,21.98,0,0,,0,Equity,BBG011C0FS40 FIGI,S5INFT Index,21.98,0,1,0,0,0,0,3314700000,Small,1/0/1900,-5446.05054,2790.218599,11865.7656,0.235148636,-0.423581126,0.499243245,-0.585626066,-0.860631495,0.627956137,-0.085330993,0.222527481,-0.420717716,0.065691566,-0.267285778,-1,-0.15,-0.008850691,0.162426978,0.51,-0.22306066,-0.692503777,1.419157411,-0.67626396,0.23738512,-0.265779211,-0.062569814,0.34416018,0.217776366,-0.192111387,0.355975849,-0.874589912,-1.844140435,0.860256267,-1.507327752,0.584819289,0.201901165,-0.052528888,0.263084118,-125.1066268,11865.7656,0.052959741,0.127578002,FirmLevel
1/8/2024,Hedged Equity,CELLNEX TELECOM SAU-UNSP ADR,CLLNY,"1,698",19.13,0,STK,32482.74,0,BBG00H2MPBV5,BBG00H2MPBV5,117319,,BBG00H2MPBV5,CELLNEX TELECOM SAU-UNSP ADR,CELLNEX TELECOM SAU-UNSP ADR,ADR,Depositary Receipt,SPAIN,USD,1,Communication Services,Diversified Telecommunication,27029750000,106068.0968,1,19.13,0,0,,0,Equity,BBG00H2MPBV5 FIGI,S5TELS Index,19.13,0,1,0,0,0,0,27029750000,Large,1/0/1900,32482.74,16225.85011,14804.90482,1.095978009,-0.966820377,0.675872528,2.023776648,0.35191233,0.39045115,0.031850696,0.177475685,0.045143345,-0.347628042,-0.35873022,0,1.49,4.080178274,1.130376659,-1.05,-0.084431628,-0.126905627,-0.579538679,-0.682650572,1.094519673,-0.232175219,-0.051918352,0.860692713,-0.575136791,0.795119297,0.682309556,1.360069014,1.981326719,-4.688328029,5.382497481,0.050194288,0.97547551,0.065141593,0.79224188,-26.87487754,14804.90482,0.051574961,0.610594121,FirmLevel
1/8/2024,Hedged Equity,LIFE TIME GROUP HOLDINGS INC,LTH,-439,14.78,0,STK,-6482.24,0,BBG012J3H017,BBG012J3H017,135228,,BBG012J3H017,LIFE TIME GROUP HOLDINGS INC,LIFE TIME GROUP HOLDINGS INC,Common Stock,Common Stock,UNITED STATES,USD,1,Consumer Discretionary,"Hotels, Restaurants & Leisure",2902920000,636630.9355,1,14.78,0,0,,0,Equity,BBG012J3H017 FIGI,S5COND Index,14.78,0,1,0,0,0,0,2902920000,Small,1/0/1900,-6482.236048,119199.1147,90261.8304,1.320592704,-0.424514385,-0.234438078,0.4069142,0.906798017,0.198830448,-0.049465851,-0.332453787,-0.274543996,0.378019199,0.157668197,-1,1.63,-0.133818878,-0.100835222,-0.72,0.124895766,0.360945186,-0.750516788,0.416756891,-0.048453389,0.780241415,0.01451858,-0.384486626,-0.025013152,0.508081006,0.473568395,0.67952263,1.951611002,-1.966315452,1.698336599,1.99815988,0.205681559,-0.331650314,0.039289258,38.53103275,90261.8304,0.05689138,0.666886022,FirmLevel
1/8/2024,Hedged Equity,UNIVERSAL MUSIC GRO-UNSP ADR,UNVGY,"2,413",13.9,0,STK,33540.7,0,BBG0136GCJX9,BBG0136GCJX9,177057,,BBG0136GCJX9,UNIVERSAL MUSIC GRO-UNSP ADR,UNIVERSAL MUSIC GRO-UNSP ADR,ADR,Depositary Receipt,NETHERLANDS,USD,1,Communication Services,Entertainment,50642300000,54417.09677,1,13.9,0,0,,0,Equity,BBG0136GCJX9 FIGI,S5TELS Index,13.9,0,1,0,0,0,0,50642300000,Large,1/0/1900,33540.7,102918.6126,118241.6536,0.870409111,1.136504921,1.47608185,-0.579732306,-0.169216209,2.026158881,-0.070687562,0.381785626,0.004604714,0.028747967,0.510974901,1,-2.59,-1.135816082,0.399712806,0.11,-0.353186799,-1.163565864,1.117298871,-1.44139514,1.654972159,-0.461677363,-0.221954842,0.024838532,-0.081467915,-0.125742627,-0.140645424,-0.272478669,-3.336178626,1.235518834,-3.906121243,-2.078920854,1.645312521,0.799633021,0.294672522,9.119520911,118241.6536,0.059438385,0.420631461,FirmLevel
1/8/2024,Hedged Equity,ATLASSIAN CORP-CL A,TEAM,140,235.59,0,STK,"32,877.86",0,BBG01BGWHFR5,BBG01BGWHFR5,191059,,BBG01BGWHFR5,ATLASSIAN CORP-CL A,ATLASSIAN CORP-CL A,Common Stock,Common Stock,UNITED STATES,USD,1,Information Technology,Software,60796080000,1593931.161,1,235.59,0,0,,0,Equity,BBG01BGWHFR5 FIGI,S5INFT Index,235.59,0,1,0,0,0,0,60796080000,Large,1/0/1900,32877.85669,63745.53628,65187.51494,0.977879527,0.113749067,1.188175829,-0.345013197,-0.307482311,0.984026553,0.058549556,0.156754989,0.20234957,-0.113583399,0.191003423,1,-0.66,-0.321915623,0.997380047,-0.66,-0.112234675,-0.699928377,-0.332494499,-0.674808018,1.654405484,-0.425541456,-0.545293631,0.727803188,-0.633673173,0.353101024,0.186518265,1.078617673,-0.180573438,-0.340366298,1.567705833,-3.291899481,1.354981417,0.661771211,0.739736318,64.31204516,65187.51494,0.042191412,0.665631525,FirmLevel
1/8/2024,Hedged Equity,RXO INC,RXO,"1,322",22.38,0,STK,29583.83,0,BBG0160DYCH4,BBG0160DYCH4,210524,,BBG0160DYCH4,RXO INC,RXO INC,Common Stock,Common Stock,UNITED STATES,USD,1,Industrials,Ground Transportation,2618480000,628588.0645,1,22.38,0,0,,0,Equity,BBG0160DYCH4 FIGI,S5INDU Index,22.38,0,1,0,0,0,0,2618480000,Small,1/0/1900,29583.8333,42277.24543,48035.21443,0.880130253,-0.193897115,0.671118788,0.856266966,0.097125004,0.417305803,-0.000536082,0.193458033,0.044974941,0.078998398,0.287343988,0,0.43,1.161140198,0.998747353,-0.76,-0.085753613,-0.114378797,-0.504985377,-0.611624332,0.791006079,-0.428129475,-0.041856031,0.726466514,-0.328510387,0.550369245,0.171406528,1.01668302,0.950179254,-2.531790669,3.041666626,-1.771988224,0.947068524,-0.050536698,0.422859526,49.39992515,48035.21443,0.036589265,0.690796399,FirmLevel
1/8/2024,Hedged Equity,HOWARD HUGHES HOLDINGS INC,HHH,434,84.77,0,STK,36790.18,0,BBG01HTMDZ54,BBG01HTMDZ54,219681,,BBG01HTMDZ54,HOWARD HUGHES HOLDINGS INC,HOWARD HUGHES HOLDINGS INC,Common Stock,Common Stock,UNITED STATES,USD,1,Real Estate,Real Estate Management & Devel,4245190000,256000.8065,1,84.77,0,0,,0,Equity,BBG01HTMDZ54 FIGI,S5RLST Index,84.77,0,1,0,0,0,0,4245190000,Small,1/0/1900,36790.18,33068.5189,35830.31852,0.922920037,-0.23889561,0.500860885,1.131388657,0.161445295,0.453975981,0.058800535,0.213721986,0.16737265,-0.046733572,-0.211779531,0,1.45,1.890553544,0.873347203,-0.81,0.127310607,-0.203521667,-0.74843904,-0.327810735,0.626187754,-0.308605225,0.059240809,0.736785707,-0.237662406,0.829509914,0.500621154,0.864291098,2.508645346,-3.701247572,6.518428964,0.177632754,0.718576863,0.141958398,0.164507977,45.96684882,35830.31852,0.046432459,0.570858382,FirmLevel
1/8/2024,Hedged Equity,CME GROUP INC,CME,119,200.11,0,STK,23727.52,0,BBG000BHLYP4,BBG000BHLYP4,58,,BBG000BHLYP4,CME GROUP INC,CME GROUP INC,Common Stock,Common Stock,UNITED STATES,USD,1,Financials,Capital Markets,72038190000,1908923.548,1,200.11,0,0,,0,Equity,BBG000BHLYP4 FIGI,S5FINL Index,200.11,0,1,0,0,0,0,72038190000,Large,1/0/1900,23727.52296,-9875.75406,-10128.48148,0.975047847,-0.954484052,-0.417425826,0.933225811,-0.164160233,-0.468387074,0.09687374,0.117613284,0.141853942,0.099140774,-0.260683869,0,0.86,1.709035647,-0.186675196,-0.24,0.218722088,0.26974619,-0.116516158,0.359108617,-0.418791306,0.626798714,0.066681859,-0.212973776,-0.151303283,0.467279854,0.304144415,0.066445067,1.333487207,-1.721614713,3.104643037,-1.130488101,-0.319618142,-0.467236889,0.100489152,58.26646074,-10128.48148,0.038936231,0.719210234,FirmLevel
1/8/2024,Hedged Equity,META PLATFORMS INC-CLASS A,META,124,358.66,0,STK,44405.84,0,BBG000MM2P62,BBG000MM2P62,86,86,BBG000MM2P62,FACEBOOK INC-CLASS A,FACEBOOK INC-CLASS A,Common Stock,Common Stock,UNITED STATES,USD,1,Communication Services,Interactive Media & Services,9.21707E+11,15805591.71,1,358.66,0,0,,0,Equity,BBG000MM2P62 FIGI,S5TELS Index,359, -   ,1, $-   ,0,0,0,9.21707E+11,Mega,1/0/1900,44405.83806,22923.58978,18255.27972,1.255723831,-0.298111895,1.474129619,-1.553677133,-0.333962421,1.77324562,0.07834682,0.056068395,0.202040431,-0.318503904,-0.261525853,2,-0.48,-0.02905871,0.911615281,-0.24,-0.108460125,-1.200835361,0.110152098,-1.302497815,1.689227223,-0.359689288,-0.338444708,0.992934654,-0.13966881,0.436812169,0.506241876,0.26082782,-1.605407489,-1.685644501,4.435160275,-1.974650254,1.806265117,0.075235728,0.929057515,-28.51389201,18255.27972,0.060645317,0.595002714,FirmLevel
1/8/2024,Hedged Equity,AMAZON.COM INC,AMZN,284,149.1,0,STK,42384.88,0,BBG000BVPV84,BBG000BVPV84,20,20,BBG000BVPV84,AMAZON.COM INC,AMAZON.COM INC,Common Stock,Common Stock,UNITED STATES,USD,1,Consumer Discretionary,Internet & Direct Marketing Re,1.5408E+12,45704077.06,1,149.1,0,0,,0,Equity,BBG000BVPV84 FIGI,S5COND Index,149.1,0,1,0,0,0,0,1.5408E+12,Mega,1/0/1900,42384.88065,-10607.05023,-10631.61748,0.997689227,-1.639070657,-0.002542318,-1.054135407,-0.376656856,-0.27448533,0.183952468,-0.138359591,0.337988852,0.258168655,-0.601093518,1,2.39,0.242496894,1.574755126,-0.95,0.248404297,-0.02494142,-1.124065511,0.59812075,-0.129487088,0.612203462,-0.006983463,0.328875445,-0.314402612,1.17788315,1.149964799,1.12903322,4.864723871,-4.776842686,6.702034921,0.869217343,-0.126203123,-0.111949504,0.034392896,73.38146111,-10631.61748,0.057204587,0.500872939,FirmLevel
